,State_Tribe_Territory,County_Name,FIPS_State,FIPS_County,date,order_code,Face_Masks_Required_in_Public,Source_of_Action,URL,Citation
682822,TX,Colorado County,48,89,4/10/2020,2,,,,
682823,TX,Colorado County,48,89,4/11/2020,2,,,,
682824,TX,Colorado County,48,89,4/12/2020,2,,,,
682825,TX,Colorado County,48,89,4/13/2020,2,,,,
682826,TX,Colorado County,48,89,4/14/2020,2,,,,
682827,TX,Colorado County,48,89,4/15/2020,2,,,,
682828,TX,Colorado County,48,89,4/16/2020,2,,,,
682829,TX,Colorado County,48,89,4/17/2020,2,,,,
682830,TX,Colorado County,48,89,4/18/2020,2,,,,
682831,TX,Colorado County,48,89,4/19/2020,2,,,,
682832,TX,Colorado County,48,89,4/20/2020,2,,,,
682833,TX,Colorado County,48,89,4/21/2020,2,,,,
682834,TX,Colorado County,48,89,4/22/2020,2,,,,
682835,TX,Colorado County,48,89,4/23/2020,2,,,,
682836,TX,Colorado County,48,89,4/24/2020,2,,,,
682837,TX,Colorado County,48,89,4/25/2020,2,,,,
682838,TX,Colorado County,48,89,4/26/2020,2,,,,
682839,TX,Colorado County,48,89,4/27/2020,2,,,,
682840,TX,Colorado County,48,89,4/28/2020,2,,,,
682841,TX,Colorado County,48,89,4/29/2020,2,,,,
682842,TX,Colorado County,48,89,4/30/2020,2,,,,
682843,TX,Colorado County,48,89,5/1/2020,2,,,,
682844,TX,Colorado County,48,89,5/2/2020,2,,,,
682845,TX,Colorado County,48,89,5/3/2020,2,,,,
682846,TX,Colorado County,48,89,5/4/2020,2,,,,
682847,TX,Colorado County,48,89,5/5/2020,2,,,,
682848,TX,Colorado County,48,89,5/6/2020,2,,,,
682849,TX,Colorado County,48,89,5/7/2020,2,,,,
682850,TX,Colorado County,48,89,5/8/2020,2,,,,
682851,TX,Colorado County,48,89,5/9/2020,2,,,,
682852,TX,Colorado County,48,89,5/10/2020,2,,,,
682853,TX,Colorado County,48,89,5/11/2020,2,,,,
682854,TX,Colorado County,48,89,5/12/2020,2,,,,
682855,TX,Colorado County,48,89,5/13/2020,2,,,,
682856,TX,Colorado County,48,89,5/14/2020,2,,,,
682857,TX,Colorado County,48,89,5/15/2020,2,,,,
682858,TX,Colorado County,48,89,5/16/2020,2,,,,
682859,TX,Colorado County,48,89,5/17/2020,2,,,,
682860,TX,Colorado County,48,89,5/18/2020,2,,,,
682861,TX,Colorado County,48,89,5/19/2020,2,,,,
682862,TX,Colorado County,48,89,5/20/2020,2,,,,
682863,TX,Colorado County,48,89,5/21/2020,2,,,,
682864,TX,Colorado County,48,89,5/22/2020,2,,,,
682865,TX,Colorado County,48,89,5/23/2020,2,,,,
682866,TX,Colorado County,48,89,5/24/2020,2,,,,
682867,TX,Colorado County,48,89,5/25/2020,2,,,,
682868,TX,Colorado County,48,89,5/26/2020,2,,,,
682869,TX,Colorado County,48,89,5/27/2020,2,,,,
682870,TX,Colorado County,48,89,5/28/2020,2,,,,
682871,TX,Colorado County,48,89,5/29/2020,2,,,,
682872,TX,Colorado County,48,89,5/30/2020,2,,,,
682873,TX,Colorado County,48,89,5/31/2020,2,,,,
682874,TX,Colorado County,48,89,6/1/2020,2,,,,
682875,TX,Colorado County,48,89,6/2/2020,2,,,,
682876,TX,Colorado County,48,89,6/3/2020,2,,,,
682877,TX,Colorado County,48,89,6/4/2020,2,,,,
682878,TX,Colorado County,48,89,6/5/2020,2,,,,
682879,TX,Colorado County,48,89,6/6/2020,2,,,,
682880,TX,Colorado County,48,89,6/7/2020,2,,,,
682881,TX,Colorado County,48,89,6/8/2020,2,,,,
682882,TX,Colorado County,48,89,6/9/2020,2,,,,
682883,TX,Colorado County,48,89,6/10/2020,2,,,,
682884,TX,Colorado County,48,89,6/11/2020,2,,,,
682885,TX,Colorado County,48,89,6/12/2020,2,,,,
682886,TX,Colorado County,48,89,6/13/2020,2,,,,
682887,TX,Colorado County,48,89,6/14/2020,2,,,,
682888,TX,Colorado County,48,89,6/15/2020,2,,,,
682889,TX,Colorado County,48,89,6/16/2020,2,,,,
682890,TX,Colorado County,48,89,6/17/2020,2,,,,
682891,TX,Colorado County,48,89,6/18/2020,2,,,,
682892,TX,Colorado County,48,89,6/19/2020,2,,,,
682893,TX,Colorado County,48,89,6/20/2020,2,,,,
682894,TX,Colorado County,48,89,6/21/2020,2,,,,
682895,TX,Colorado County,48,89,6/22/2020,2,,,,
682896,TX,Colorado County,48,89,6/23/2020,2,,,,
682897,TX,Colorado County,48,89,6/24/2020,2,,,,
682898,TX,Colorado County,48,89,6/25/2020,2,,,,
682899,TX,Colorado County,48,89,6/26/2020,2,,,,
682900,TX,Colorado County,48,89,6/27/2020,2,,,,
682901,TX,Colorado County,48,89,6/28/2020,2,,,,
682902,TX,Colorado County,48,89,6/29/2020,2,,,,
682903,TX,Colorado County,48,89,6/30/2020,2,,,,
682904,TX,Colorado County,48,89,7/1/2020,2,,,,
682905,TX,Colorado County,48,89,7/2/2020,2,,,,
682906,TX,Colorado County,48,89,7/3/2020,1,Yes,Official,https://open.texas.gov/uploads/files/organization/opentexas/EO-GA-29-use-of-face-coverings-during-COVID-19-IMAGE-07-02-2020.pdf,"Tex. Exec. Order No. GA 29 (July 2, 2020)"
682907,TX,Colorado County,48,89,7/4/2020,1,Yes,Official,https://open.texas.gov/uploads/files/organization/opentexas/EO-GA-29-use-of-face-coverings-during-COVID-19-IMAGE-07-02-2020.pdf,"Tex. Exec. Order No. GA 29 (July 2, 2020)"
682908,TX,Colorado County,48,89,7/5/2020,1,Yes,Official,https://open.texas.gov/uploads/files/organization/opentexas/EO-GA-29-use-of-face-coverings-during-COVID-19-IMAGE-07-02-2020.pdf,"Tex. Exec. Order No. GA 29 (July 2, 2020)"
682909,TX,Colorado County,48,89,7/6/2020,1,Yes,Official,https://open.texas.gov/uploads/files/organization/opentexas/EO-GA-29-use-of-face-coverings-during-COVID-19-IMAGE-07-02-2020.pdf,"Tex. Exec. Order No. GA 29 (July 2, 2020)"
682910,TX,Colorado County,48,89,7/7/2020,1,Yes,Official,https://open.texas.gov/uploads/files/organization/opentexas/EO-GA-29-use-of-face-coverings-during-COVID-19-IMAGE-07-02-2020.pdf,"Tex. Exec. Order No. GA 29 (July 2, 2020)"
682911,TX,Colorado County,48,89,7/8/2020,1,Yes,Official,https://open.texas.gov/uploads/files/organization/opentexas/EO-GA-29-use-of-face-coverings-during-COVID-19-IMAGE-07-02-2020.pdf,"Tex. Exec. Order No. GA 29 (July 2, 2020)"
682912,TX,Colorado County,48,89,7/9/2020,1,Yes,Official,https://open.texas.gov/uploads/files/organization/opentexas/EO-GA-29-use-of-face-coverings-during-COVID-19-IMAGE-07-02-2020.pdf,"Tex. Exec. Order No. GA 29 (July 2, 2020)"
682913,TX,Colorado County,48,89,7/10/2020,1,Yes,Official,https://open.texas.gov/uploads/files/organization/opentexas/EO-GA-29-use-of-face-coverings-during-COVID-19-IMAGE-07-02-2020.pdf,"Tex. Exec. Order No. GA 29 (July 2, 2020)"
682916,TX,Colorado County,48,89,7/11/2020,1,Yes,Official,https://open.texas.gov/uploads/files/organization/opentexas/EO-GA-29-use-of-face-coverings-during-COVID-19-IMAGE-07-02-2020.pdf,"Tex. Exec. Order No. GA 29 (July 2, 2020)"
682917,TX,Colorado County,48,89,7/12/2020,1,Yes,Official,https://open.texas.gov/uploads/files/organization/opentexas/EO-GA-29-use-of-face-coverings-during-COVID-19-IMAGE-07-02-2020.pdf,"Tex. Exec. Order No. GA 29 (July 2, 2020)"
682918,TX,Colorado County,48,89,7/13/2020,1,Yes,Official,https://open.texas.gov/uploads/files/organization/opentexas/EO-GA-29-use-of-face-coverings-during-COVID-19-IMAGE-07-02-2020.pdf,"Tex. Exec. Order No. GA 29 (July 2, 2020)"
682919,TX,Colorado County,48,89,7/14/2020,1,Yes,Official,https://open.texas.gov/uploads/files/organization/opentexas/EO-GA-29-use-of-face-coverings-during-COVID-19-IMAGE-07-02-2020.pdf,"Tex. Exec. Order No. GA 29 (July 2, 2020)"
682920,TX,Colorado County,48,89,7/15/2020,1,Yes,Official,https://open.texas.gov/uploads/files/organization/opentexas/EO-GA-29-use-of-face-coverings-during-COVID-19-IMAGE-07-02-2020.pdf,"Tex. Exec. Order No. GA 29 (July 2, 2020)"
682921,TX,Colorado County,48,89,7/16/2020,1,Yes,Official,https://open.texas.gov/uploads/files/organization/opentexas/EO-GA-29-use-of-face-coverings-during-COVID-19-IMAGE-07-02-2020.pdf,"Tex. Exec. Order No. GA 29 (July 2, 2020)"
682922,TX,Colorado County,48,89,7/17/2020,1,Yes,Official,https://open.texas.gov/uploads/files/organization/opentexas/EO-GA-29-use-of-face-coverings-during-COVID-19-IMAGE-07-02-2020.pdf,"Tex. Exec. Order No. GA 29 (July 2, 2020)"
682923,TX,Colorado County,48,89,7/18/2020,1,Yes,Official,https://open.texas.gov/uploads/files/organization/opentexas/EO-GA-29-use-of-face-coverings-during-COVID-19-IMAGE-07-02-2020.pdf,"Tex. Exec. Order No. GA 29 (July 2, 2020)"
682924,TX,Colorado County,48,89,7/19/2020,1,Yes,Official,https://open.texas.gov/uploads/files/organization/opentexas/EO-GA-29-use-of-face-coverings-during-COVID-19-IMAGE-07-02-2020.pdf,"Tex. Exec. Order No. GA 29 (July 2, 2020)"
682925,TX,Colorado County,48,89,7/20/2020,1,Yes,Official,https://open.texas.gov/uploads/files/organization/opentexas/EO-GA-29-use-of-face-coverings-during-COVID-19-IMAGE-07-02-2020.pdf,"Tex. Exec. Order No. GA 29 (July 2, 2020)"
682926,TX,Colorado County,48,89,7/21/2020,1,Yes,Official,https://open.texas.gov/uploads/files/organization/opentexas/EO-GA-29-use-of-face-coverings-during-COVID-19-IMAGE-07-02-2020.pdf,"Tex. Exec. Order No. GA 29 (July 2, 2020)"
682927,TX,Colorado County,48,89,7/22/2020,1,Yes,Official,https://open.texas.gov/uploads/files/organization/opentexas/EO-GA-29-use-of-face-coverings-during-COVID-19-IMAGE-07-02-2020.pdf,"Tex. Exec. Order No. GA 29 (July 2, 2020)"
682928,TX,Colorado County,48,89,7/23/2020,1,Yes,Official,https://open.texas.gov/uploads/files/organization/opentexas/EO-GA-29-use-of-face-coverings-during-COVID-19-IMAGE-07-02-2020.pdf,"Tex. Exec. Order No. GA 29 (July 2, 2020)"
682929,TX,Colorado County,48,89,7/24/2020,1,Yes,Official,https://open.texas.gov/uploads/files/organization/opentexas/EO-GA-29-use-of-face-coverings-during-COVID-19-IMAGE-07-02-2020.pdf,"Tex. Exec. Order No. GA 29 (July 2, 2020)"
682930,TX,Colorado County,48,89,7/25/2020,1,Yes,Official,https://open.texas.gov/uploads/files/organization/opentexas/EO-GA-29-use-of-face-coverings-during-COVID-19-IMAGE-07-02-2020.pdf,"Tex. Exec. Order No. GA 29 (July 2, 2020)"
682931,TX,Colorado County,48,89,7/26/2020,1,Yes,Official,https://open.texas.gov/uploads/files/organization/opentexas/EO-GA-29-use-of-face-coverings-during-COVID-19-IMAGE-07-02-2020.pdf,"Tex. Exec. Order No. GA 29 (July 2, 2020)"
682932,TX,Colorado County,48,89,7/27/2020,1,Yes,Official,https://open.texas.gov/uploads/files/organization/opentexas/EO-GA-29-use-of-face-coverings-during-COVID-19-IMAGE-07-02-2020.pdf,"Tex. Exec. Order No. GA 29 (July 2, 2020)"
682933,TX,Colorado County,48,89,7/28/2020,1,Yes,Official,https://open.texas.gov/uploads/files/organization/opentexas/EO-GA-29-use-of-face-coverings-during-COVID-19-IMAGE-07-02-2020.pdf,"Tex. Exec. Order No. GA 29 (July 2, 2020)"
682934,TX,Colorado County,48,89,7/29/2020,1,Yes,Official,https://open.texas.gov/uploads/files/organization/opentexas/EO-GA-29-use-of-face-coverings-during-COVID-19-IMAGE-07-02-2020.pdf,"Tex. Exec. Order No. GA 29 (July 2, 2020)"
682935,TX,Colorado County,48,89,7/30/2020,1,Yes,Official,https://open.texas.gov/uploads/files/organization/opentexas/EO-GA-29-use-of-face-coverings-during-COVID-19-IMAGE-07-02-2020.pdf,"Tex. Exec. Order No. GA 29 (July 2, 2020)"
682936,TX,Colorado County,48,89,7/31/2020,1,Yes,Official,https://open.texas.gov/uploads/files/organization/opentexas/EO-GA-29-use-of-face-coverings-during-COVID-19-IMAGE-07-02-2020.pdf,"Tex. Exec. Order No. GA 29 (July 2, 2020)"
682937,TX,Colorado County,48,89,8/1/2020,1,Yes,Official,https://open.texas.gov/uploads/files/organization/opentexas/EO-GA-29-use-of-face-coverings-during-COVID-19-IMAGE-07-02-2020.pdf,"Tex. Exec. Order No. GA 29 (July 2, 2020)"
682938,TX,Colorado County,48,89,8/2/2020,1,Yes,Official,https://open.texas.gov/uploads/files/organization/opentexas/EO-GA-29-use-of-face-coverings-during-COVID-19-IMAGE-07-02-2020.pdf,"Tex. Exec. Order No. GA 29 (July 2, 2020)"
682939,TX,Colorado County,48,89,8/3/2020,1,Yes,Official,https://open.texas.gov/uploads/files/organization/opentexas/EO-GA-29-use-of-face-coverings-during-COVID-19-IMAGE-07-02-2020.pdf,"Tex. Exec. Order No. GA 29 (July 2, 2020)"
682940,TX,Colorado County,48,89,8/4/2020,1,Yes,Official,https://open.texas.gov/uploads/files/organization/opentexas/EO-GA-29-use-of-face-coverings-during-COVID-19-IMAGE-07-02-2020.pdf,"Tex. Exec. Order No. GA 29 (July 2, 2020)"
682941,TX,Colorado County,48,89,8/5/2020,1,Yes,Official,https://open.texas.gov/uploads/files/organization/opentexas/EO-GA-29-use-of-face-coverings-during-COVID-19-IMAGE-07-02-2020.pdf,"Tex. Exec. Order No. GA 29 (July 2, 2020)"
682942,TX,Colorado County,48,89,8/6/2020,1,Yes,Official,https://open.texas.gov/uploads/files/organization/opentexas/EO-GA-29-use-of-face-coverings-during-COVID-19-IMAGE-07-02-2020.pdf,"Tex. Exec. Order No. GA 29 (July 2, 2020)"
682945,TX,Colorado County,48,89,8/7/2020,1,Yes,Official,https://open.texas.gov/uploads/files/organization/opentexas/EO-GA-29-use-of-face-coverings-during-COVID-19-IMAGE-07-02-2020.pdf,"Tex. Exec. Order No. GA 29 (July 2, 2020)"
682946,TX,Colorado County,48,89,8/8/2020,1,Yes,Official,https://open.texas.gov/uploads/files/organization/opentexas/EO-GA-29-use-of-face-coverings-during-COVID-19-IMAGE-07-02-2020.pdf,"Tex. Exec. Order No. GA 29 (July 2, 2020)"
682947,TX,Colorado County,48,89,8/9/2020,1,Yes,Official,https://open.texas.gov/uploads/files/organization/opentexas/EO-GA-29-use-of-face-coverings-during-COVID-19-IMAGE-07-02-2020.pdf,"Tex. Exec. Order No. GA 29 (July 2, 2020)"
682948,TX,Colorado County,48,89,8/10/2020,1,Yes,Official,https://open.texas.gov/uploads/files/organization/opentexas/EO-GA-29-use-of-face-coverings-during-COVID-19-IMAGE-07-02-2020.pdf,"Tex. Exec. Order No. GA 29 (July 2, 2020)"
682949,TX,Colorado County,48,89,8/11/2020,1,Yes,Official,https://open.texas.gov/uploads/files/organization/opentexas/EO-GA-29-use-of-face-coverings-during-COVID-19-IMAGE-07-02-2020.pdf,"Tex. Exec. Order No. GA 29 (July 2, 2020)"
682950,TX,Colorado County,48,89,8/12/2020,1,Yes,Official,https://open.texas.gov/uploads/files/organization/opentexas/EO-GA-29-use-of-face-coverings-during-COVID-19-IMAGE-07-02-2020.pdf,"Tex. Exec. Order No. GA 29 (July 2, 2020)"
682951,TX,Colorado County,48,89,8/13/2020,1,Yes,Official,https://open.texas.gov/uploads/files/organization/opentexas/EO-GA-29-use-of-face-coverings-during-COVID-19-IMAGE-07-02-2020.pdf,"Tex. Exec. Order No. GA 29 (July 2, 2020)"
682952,TX,Colorado County,48,89,8/14/2020,1,Yes,Official,https://open.texas.gov/uploads/files/organization/opentexas/EO-GA-29-use-of-face-coverings-during-COVID-19-IMAGE-07-02-2020.pdf,"Tex. Exec. Order No. GA 29 (July 2, 2020)"
682953,TX,Colorado County,48,89,8/15/2020,1,Yes,Official,https://open.texas.gov/uploads/files/organization/opentexas/EO-GA-29-use-of-face-coverings-during-COVID-19-IMAGE-07-02-2020.pdf,"Tex. Exec. Order No. GA 29 (July 2, 2020)"
682954,TX,Colorado County,48,89,8/16/2020,1,Yes,Official,https://open.texas.gov/uploads/files/organization/opentexas/EO-GA-29-use-of-face-coverings-during-COVID-19-IMAGE-07-02-2020.pdf,"Tex. Exec. Order No. GA 29 (July 2, 2020)"
682955,TX,Colorado County,48,89,8/17/2020,1,Yes,Official,https://open.texas.gov/uploads/files/organization/opentexas/EO-GA-29-use-of-face-coverings-during-COVID-19-IMAGE-07-02-2020.pdf,"Tex. Exec. Order No. GA 29 (July 2, 2020)"
682956,TX,Colorado County,48,89,8/18/2020,1,Yes,Official,https://open.texas.gov/uploads/files/organization/opentexas/EO-GA-29-use-of-face-coverings-during-COVID-19-IMAGE-07-02-2020.pdf,"Tex. Exec. Order No. GA 29 (July 2, 2020)"
682957,TX,Colorado County,48,89,8/19/2020,1,Yes,Official,https://open.texas.gov/uploads/files/organization/opentexas/EO-GA-29-use-of-face-coverings-during-COVID-19-IMAGE-07-02-2020.pdf,"Tex. Exec. Order No. GA 29 (July 2, 2020)"
682958,TX,Colorado County,48,89,8/20/2020,1,Yes,Official,https://open.texas.gov/uploads/files/organization/opentexas/EO-GA-29-use-of-face-coverings-during-COVID-19-IMAGE-07-02-2020.pdf,"Tex. Exec. Order No. GA 29 (July 2, 2020)"
682959,TX,Colorado County,48,89,8/21/2020,1,Yes,Official,https://open.texas.gov/uploads/files/organization/opentexas/EO-GA-29-use-of-face-coverings-during-COVID-19-IMAGE-07-02-2020.pdf,"Tex. Exec. Order No. GA 29 (July 2, 2020)"
682960,TX,Colorado County,48,89,8/22/2020,1,Yes,Official,https://open.texas.gov/uploads/files/organization/opentexas/EO-GA-29-use-of-face-coverings-during-COVID-19-IMAGE-07-02-2020.pdf,"Tex. Exec. Order No. GA 29 (July 2, 2020)"
682961,TX,Colorado County,48,89,8/23/2020,1,Yes,Official,https://open.texas.gov/uploads/files/organization/opentexas/EO-GA-29-use-of-face-coverings-during-COVID-19-IMAGE-07-02-2020.pdf,"Tex. Exec. Order No. GA 29 (July 2, 2020)"
682962,TX,Colorado County,48,89,8/24/2020,1,Yes,Official,https://open.texas.gov/uploads/files/organization/opentexas/EO-GA-29-use-of-face-coverings-during-COVID-19-IMAGE-07-02-2020.pdf,"Tex. Exec. Order No. GA 29 (July 2, 2020)"
682963,TX,Colorado County,48,89,8/25/2020,1,Yes,Official,https://open.texas.gov/uploads/files/organization/opentexas/EO-GA-29-use-of-face-coverings-during-COVID-19-IMAGE-07-02-2020.pdf,"Tex. Exec. Order No. GA 29 (July 2, 2020)"
682964,TX,Colorado County,48,89,8/26/2020,1,Yes,Official,https://open.texas.gov/uploads/files/organization/opentexas/EO-GA-29-use-of-face-coverings-during-COVID-19-IMAGE-07-02-2020.pdf,"Tex. Exec. Order No. GA 29 (July 2, 2020)"
682965,TX,Colorado County,48,89,8/27/2020,1,Yes,Official,https://open.texas.gov/uploads/files/organization/opentexas/EO-GA-29-use-of-face-coverings-during-COVID-19-IMAGE-07-02-2020.pdf,"Tex. Exec. Order No. GA 29 (July 2, 2020)"
682966,TX,Colorado County,48,89,8/28/2020,1,Yes,Official,https://open.texas.gov/uploads/files/organization/opentexas/EO-GA-29-use-of-face-coverings-during-COVID-19-IMAGE-07-02-2020.pdf,"Tex. Exec. Order No. GA 29 (July 2, 2020)"
682967,TX,Colorado County,48,89,8/29/2020,1,Yes,Official,https://open.texas.gov/uploads/files/organization/opentexas/EO-GA-29-use-of-face-coverings-during-COVID-19-IMAGE-07-02-2020.pdf,"Tex. Exec. Order No. GA 29 (July 2, 2020)"
682968,TX,Colorado County,48,89,8/30/2020,1,Yes,Official,https://open.texas.gov/uploads/files/organization/opentexas/EO-GA-29-use-of-face-coverings-during-COVID-19-IMAGE-07-02-2020.pdf,"Tex. Exec. Order No. GA 29 (July 2, 2020)"
682969,TX,Colorado County,48,89,8/31/2020,1,Yes,Official,https://open.texas.gov/uploads/files/organization/opentexas/EO-GA-29-use-of-face-coverings-during-COVID-19-IMAGE-07-02-2020.pdf,"Tex. Exec. Order No. GA 29 (July 2, 2020)"
682970,TX,Colorado County,48,89,9/1/2020,1,Yes,Official,https://open.texas.gov/uploads/files/organization/opentexas/EO-GA-29-use-of-face-coverings-during-COVID-19-IMAGE-07-02-2020.pdf,"Tex. Exec. Order No. GA 29 (July 2, 2020)"
682971,TX,Colorado County,48,89,9/2/2020,1,Yes,Official,https://open.texas.gov/uploads/files/organization/opentexas/EO-GA-29-use-of-face-coverings-during-COVID-19-IMAGE-07-02-2020.pdf,"Tex. Exec. Order No. GA 29 (July 2, 2020)"
682974,TX,Colorado County,48,89,9/3/2020,1,Yes,Official,https://open.texas.gov/uploads/files/organization/opentexas/EO-GA-29-use-of-face-coverings-during-COVID-19-IMAGE-07-02-2020.pdf,"Tex. Exec. Order No. GA 29 (July 2, 2020)"
682975,TX,Colorado County,48,89,9/4/2020,1,Yes,Official,https://open.texas.gov/uploads/files/organization/opentexas/EO-GA-29-use-of-face-coverings-during-COVID-19-IMAGE-07-02-2020.pdf,"Tex. Exec. Order No. GA 29 (July 2, 2020)"
682976,TX,Colorado County,48,89,9/5/2020,1,Yes,Official,https://open.texas.gov/uploads/files/organization/opentexas/EO-GA-29-use-of-face-coverings-during-COVID-19-IMAGE-07-02-2020.pdf,"Tex. Exec. Order No. GA 29 (July 2, 2020)"
682977,TX,Colorado County,48,89,9/6/2020,1,Yes,Official,https://open.texas.gov/uploads/files/organization/opentexas/EO-GA-29-use-of-face-coverings-during-COVID-19-IMAGE-07-02-2020.pdf,"Tex. Exec. Order No. GA 29 (July 2, 2020)"
682978,TX,Colorado County,48,89,9/7/2020,1,Yes,Official,https://open.texas.gov/uploads/files/organization/opentexas/EO-GA-29-use-of-face-coverings-during-COVID-19-IMAGE-07-02-2020.pdf,"Tex. Exec. Order No. GA 29 (July 2, 2020)"
682979,TX,Colorado County,48,89,9/8/2020,1,Yes,Official,https://open.texas.gov/uploads/files/organization/opentexas/EO-GA-29-use-of-face-coverings-during-COVID-19-IMAGE-07-02-2020.pdf,"Tex. Exec. Order No. GA 29 (July 2, 2020)"
682980,TX,Colorado County,48,89,9/9/2020,1,Yes,Official,https://open.texas.gov/uploads/files/organization/opentexas/EO-GA-29-use-of-face-coverings-during-COVID-19-IMAGE-07-02-2020.pdf,"Tex. Exec. Order No. GA 29 (July 2, 2020)"
682981,TX,Colorado County,48,89,9/10/2020,1,Yes,Official,https://open.texas.gov/uploads/files/organization/opentexas/EO-GA-29-use-of-face-coverings-during-COVID-19-IMAGE-07-02-2020.pdf,"Tex. Exec. Order No. GA 29 (July 2, 2020)"
682982,TX,Colorado County,48,89,9/11/2020,1,Yes,Official,https://open.texas.gov/uploads/files/organization/opentexas/EO-GA-29-use-of-face-coverings-during-COVID-19-IMAGE-07-02-2020.pdf,"Tex. Exec. Order No. GA 29 (July 2, 2020)"
682983,TX,Colorado County,48,89,9/12/2020,1,Yes,Official,https://open.texas.gov/uploads/files/organization/opentexas/EO-GA-29-use-of-face-coverings-during-COVID-19-IMAGE-07-02-2020.pdf,"Tex. Exec. Order No. GA 29 (July 2, 2020)"
682984,TX,Colorado County,48,89,9/13/2020,1,Yes,Official,https://open.texas.gov/uploads/files/organization/opentexas/EO-GA-29-use-of-face-coverings-during-COVID-19-IMAGE-07-02-2020.pdf,"Tex. Exec. Order No. GA 29 (July 2, 2020)"
682985,TX,Colorado County,48,89,9/14/2020,1,Yes,Official,https://open.texas.gov/uploads/files/organization/opentexas/EO-GA-29-use-of-face-coverings-during-COVID-19-IMAGE-07-02-2020.pdf,"Tex. Exec. Order No. GA 29 (July 2, 2020)"
682986,TX,Colorado County,48,89,9/15/2020,1,Yes,Official,https://open.texas.gov/uploads/files/organization/opentexas/EO-GA-29-use-of-face-coverings-during-COVID-19-IMAGE-07-02-2020.pdf,"Tex. Exec. Order No. GA 29 (July 2, 2020)"
682987,TX,Colorado County,48,89,9/16/2020,1,Yes,Official,https://open.texas.gov/uploads/files/organization/opentexas/EO-GA-29-use-of-face-coverings-during-COVID-19-IMAGE-07-02-2020.pdf,"Tex. Exec. Order No. GA 29 (July 2, 2020)"
682988,TX,Colorado County,48,89,9/17/2020,1,Yes,Official,https://open.texas.gov/uploads/files/organization/opentexas/EO-GA-29-use-of-face-coverings-during-COVID-19-IMAGE-07-02-2020.pdf,"Tex. Exec. Order No. GA 29 (July 2, 2020)"
682989,TX,Colorado County,48,89,9/18/2020,1,Yes,Official,https://open.texas.gov/uploads/files/organization/opentexas/EO-GA-29-use-of-face-coverings-during-COVID-19-IMAGE-07-02-2020.pdf,"Tex. Exec. Order No. GA 29 (July 2, 2020)"
682990,TX,Colorado County,48,89,9/19/2020,1,Yes,Official,https://open.texas.gov/uploads/files/organization/opentexas/EO-GA-29-use-of-face-coverings-during-COVID-19-IMAGE-07-02-2020.pdf,"Tex. Exec. Order No. GA 29 (July 2, 2020)"
682991,TX,Colorado County,48,89,9/20/2020,1,Yes,Official,https://open.texas.gov/uploads/files/organization/opentexas/EO-GA-29-use-of-face-coverings-during-COVID-19-IMAGE-07-02-2020.pdf,"Tex. Exec. Order No. GA 29 (July 2, 2020)"
682992,TX,Colorado County,48,89,9/21/2020,1,Yes,Official,https://open.texas.gov/uploads/files/organization/opentexas/EO-GA-29-use-of-face-coverings-during-COVID-19-IMAGE-07-02-2020.pdf,"Tex. Exec. Order No. GA 29 (July 2, 2020)"
682993,TX,Colorado County,48,89,9/22/2020,1,Yes,Official,https://open.texas.gov/uploads/files/organization/opentexas/EO-GA-29-use-of-face-coverings-during-COVID-19-IMAGE-07-02-2020.pdf,"Tex. Exec. Order No. GA 29 (July 2, 2020)"
682994,TX,Colorado County,48,89,9/23/2020,1,Yes,Official,https://open.texas.gov/uploads/files/organization/opentexas/EO-GA-29-use-of-face-coverings-during-COVID-19-IMAGE-07-02-2020.pdf,"Tex. Exec. Order No. GA 29 (July 2, 2020)"
682995,TX,Colorado County,48,89,9/24/2020,1,Yes,Official,https://open.texas.gov/uploads/files/organization/opentexas/EO-GA-29-use-of-face-coverings-during-COVID-19-IMAGE-07-02-2020.pdf,"Tex. Exec. Order No. GA 29 (July 2, 2020)"
682996,TX,Colorado County,48,89,9/25/2020,1,Yes,Official,https://open.texas.gov/uploads/files/organization/opentexas/EO-GA-29-use-of-face-coverings-during-COVID-19-IMAGE-07-02-2020.pdf,"Tex. Exec. Order No. GA 29 (July 2, 2020)"
682997,TX,Colorado County,48,89,9/26/2020,1,Yes,Official,https://open.texas.gov/uploads/files/organization/opentexas/EO-GA-29-use-of-face-coverings-during-COVID-19-IMAGE-07-02-2020.pdf,"Tex. Exec. Order No. GA 29 (July 2, 2020)"
682998,TX,Colorado County,48,89,9/27/2020,1,Yes,Official,https://open.texas.gov/uploads/files/organization/opentexas/EO-GA-29-use-of-face-coverings-during-COVID-19-IMAGE-07-02-2020.pdf,"Tex. Exec. Order No. GA 29 (July 2, 2020)"
682999,TX,Colorado County,48,89,9/28/2020,1,Yes,Official,https://open.texas.gov/uploads/files/organization/opentexas/EO-GA-29-use-of-face-coverings-during-COVID-19-IMAGE-07-02-2020.pdf,"Tex. Exec. Order No. GA 29 (July 2, 2020)"
683000,TX,Colorado County,48,89,9/29/2020,1,Yes,Official,https://open.texas.gov/uploads/files/organization/opentexas/EO-GA-29-use-of-face-coverings-during-COVID-19-IMAGE-07-02-2020.pdf,"Tex. Exec. Order No. GA 29 (July 2, 2020)"
683003,TX,Colorado County,48,89,9/30/2020,1,Yes,Official,https://open.texas.gov/uploads/files/organization/opentexas/EO-GA-29-use-of-face-coverings-during-COVID-19-IMAGE-07-02-2020.pdf,"Tex. Exec. Order No. GA 29 (July 2, 2020)"
683004,TX,Colorado County,48,89,10/1/2020,1,Yes,Official,https://open.texas.gov/uploads/files/organization/opentexas/EO-GA-29-use-of-face-coverings-during-COVID-19-IMAGE-07-02-2020.pdf,"Tex. Exec. Order No. GA 29 (July 2, 2020)"
683005,TX,Colorado County,48,89,10/2/2020,1,Yes,Official,https://open.texas.gov/uploads/files/organization/opentexas/EO-GA-29-use-of-face-coverings-during-COVID-19-IMAGE-07-02-2020.pdf,"Tex. Exec. Order No. GA 29 (July 2, 2020)"
683006,TX,Colorado County,48,89,10/3/2020,1,Yes,Official,https://open.texas.gov/uploads/files/organization/opentexas/EO-GA-29-use-of-face-coverings-during-COVID-19-IMAGE-07-02-2020.pdf,"Tex. Exec. Order No. GA 29 (July 2, 2020)"
683007,TX,Colorado County,48,89,10/4/2020,1,Yes,Official,https://open.texas.gov/uploads/files/organization/opentexas/EO-GA-29-use-of-face-coverings-during-COVID-19-IMAGE-07-02-2020.pdf,"Tex. Exec. Order No. GA 29 (July 2, 2020)"
683008,TX,Colorado County,48,89,10/5/2020,1,Yes,Official,https://open.texas.gov/uploads/files/organization/opentexas/EO-GA-29-use-of-face-coverings-during-COVID-19-IMAGE-07-02-2020.pdf,"Tex. Exec. Order No. GA 29 (July 2, 2020)"
683009,TX,Colorado County,48,89,10/6/2020,1,Yes,Official,https://open.texas.gov/uploads/files/organization/opentexas/EO-GA-29-use-of-face-coverings-during-COVID-19-IMAGE-07-02-2020.pdf,"Tex. Exec. Order No. GA 29 (July 2, 2020)"
683010,TX,Colorado County,48,89,10/7/2020,1,Yes,Official,https://open.texas.gov/uploads/files/organization/opentexas/EO-GA-29-use-of-face-coverings-during-COVID-19-IMAGE-07-02-2020.pdf,"Tex. Exec. Order No. GA 29 (July 2, 2020)"
683011,TX,Colorado County,48,89,10/8/2020,1,Yes,Official,https://open.texas.gov/uploads/files/organization/opentexas/EO-GA-29-use-of-face-coverings-during-COVID-19-IMAGE-07-02-2020.pdf,"Tex. Exec. Order No. GA 29 (July 2, 2020)"
683012,TX,Colorado County,48,89,10/9/2020,1,Yes,Official,https://open.texas.gov/uploads/files/organization/opentexas/EO-GA-29-use-of-face-coverings-during-COVID-19-IMAGE-07-02-2020.pdf,"Tex. Exec. Order No. GA 29 (July 2, 2020)"
683013,TX,Colorado County,48,89,10/10/2020,1,Yes,Official,https://open.texas.gov/uploads/files/organization/opentexas/EO-GA-29-use-of-face-coverings-during-COVID-19-IMAGE-07-02-2020.pdf,"Tex. Exec. Order No. GA 29 (July 2, 2020)"
683014,TX,Colorado County,48,89,10/11/2020,1,Yes,Official,https://open.texas.gov/uploads/files/organization/opentexas/EO-GA-29-use-of-face-coverings-during-COVID-19-IMAGE-07-02-2020.pdf,"Tex. Exec. Order No. GA 29 (July 2, 2020)"
683015,TX,Colorado County,48,89,10/12/2020,1,Yes,Official,https://open.texas.gov/uploads/files/organization/opentexas/EO-GA-29-use-of-face-coverings-during-COVID-19-IMAGE-07-02-2020.pdf,"Tex. Exec. Order No. GA 29 (July 2, 2020)"
683016,TX,Colorado County,48,89,10/13/2020,1,Yes,Official,https://open.texas.gov/uploads/files/organization/opentexas/EO-GA-29-use-of-face-coverings-during-COVID-19-IMAGE-07-02-2020.pdf,"Tex. Exec. Order No. GA 29 (July 2, 2020)"
683017,TX,Colorado County,48,89,10/14/2020,1,Yes,Official,https://open.texas.gov/uploads/files/organization/opentexas/EO-GA-29-use-of-face-coverings-during-COVID-19-IMAGE-07-02-2020.pdf,"Tex. Exec. Order No. GA 29 (July 2, 2020)"
683018,TX,Colorado County,48,89,10/15/2020,1,Yes,Official,https://open.texas.gov/uploads/files/organization/opentexas/EO-GA-29-use-of-face-coverings-during-COVID-19-IMAGE-07-02-2020.pdf,"Tex. Exec. Order No. GA 29 (July 2, 2020)"
683019,TX,Colorado County,48,89,10/16/2020,1,Yes,Official,https://open.texas.gov/uploads/files/organization/opentexas/EO-GA-29-use-of-face-coverings-during-COVID-19-IMAGE-07-02-2020.pdf,"Tex. Exec. Order No. GA 29 (July 2, 2020)"
683020,TX,Colorado County,48,89,10/17/2020,1,Yes,Official,https://open.texas.gov/uploads/files/organization/opentexas/EO-GA-29-use-of-face-coverings-during-COVID-19-IMAGE-07-02-2020.pdf,"Tex. Exec. Order No. GA 29 (July 2, 2020)"
683021,TX,Colorado County,48,89,10/18/2020,1,Yes,Official,https://open.texas.gov/uploads/files/organization/opentexas/EO-GA-29-use-of-face-coverings-during-COVID-19-IMAGE-07-02-2020.pdf,"Tex. Exec. Order No. GA 29 (July 2, 2020)"
683022,TX,Colorado County,48,89,10/19/2020,1,Yes,Official,https://open.texas.gov/uploads/files/organization/opentexas/EO-GA-29-use-of-face-coverings-during-COVID-19-IMAGE-07-02-2020.pdf,"Tex. Exec. Order No. GA 29 (July 2, 2020)"
683023,TX,Colorado County,48,89,10/20/2020,1,Yes,Official,https://open.texas.gov/uploads/files/organization/opentexas/EO-GA-29-use-of-face-coverings-during-COVID-19-IMAGE-07-02-2020.pdf,"Tex. Exec. Order No. GA 29 (July 2, 2020)"
683024,TX,Colorado County,48,89,10/21/2020,1,Yes,Official,https://open.texas.gov/uploads/files/organization/opentexas/EO-GA-29-use-of-face-coverings-during-COVID-19-IMAGE-07-02-2020.pdf,"Tex. Exec. Order No. GA 29 (July 2, 2020)"
683025,TX,Colorado County,48,89,10/22/2020,1,Yes,Official,https://open.texas.gov/uploads/files/organization/opentexas/EO-GA-29-use-of-face-coverings-during-COVID-19-IMAGE-07-02-2020.pdf,"Tex. Exec. Order No. GA 29 (July 2, 2020)"
683026,TX,Colorado County,48,89,10/23/2020,1,Yes,Official,https://open.texas.gov/uploads/files/organization/opentexas/EO-GA-29-use-of-face-coverings-during-COVID-19-IMAGE-07-02-2020.pdf,"Tex. Exec. Order No. GA 29 (July 2, 2020)"
683027,TX,Colorado County,48,89,10/24/2020,1,Yes,Official,https://open.texas.gov/uploads/files/organization/opentexas/EO-GA-29-use-of-face-coverings-during-COVID-19-IMAGE-07-02-2020.pdf,"Tex. Exec. Order No. GA 29 (July 2, 2020)"
683028,TX,Colorado County,48,89,10/25/2020,1,Yes,Official,https://open.texas.gov/uploads/files/organization/opentexas/EO-GA-29-use-of-face-coverings-during-COVID-19-IMAGE-07-02-2020.pdf,"Tex. Exec. Order No. GA 29 (July 2, 2020)"
683029,TX,Colorado County,48,89,10/26/2020,1,Yes,Official,https://open.texas.gov/uploads/files/organization/opentexas/EO-GA-29-use-of-face-coverings-during-COVID-19-IMAGE-07-02-2020.pdf,"Tex. Exec. Order No. GA 29 (July 2, 2020)"
683032,TX,Colorado County,48,89,10/27/2020,1,Yes,Official,https://open.texas.gov/uploads/files/organization/opentexas/EO-GA-29-use-of-face-coverings-during-COVID-19-IMAGE-07-02-2020.pdf,"Tex. Exec. Order No. GA 29 (July 2, 2020)"
683033,TX,Colorado County,48,89,10/28/2020,1,Yes,Official,https://open.texas.gov/uploads/files/organization/opentexas/EO-GA-29-use-of-face-coverings-during-COVID-19-IMAGE-07-02-2020.pdf,"Tex. Exec. Order No. GA 29 (July 2, 2020)"
683034,TX,Colorado County,48,89,10/29/2020,1,Yes,Official,https://open.texas.gov/uploads/files/organization/opentexas/EO-GA-29-use-of-face-coverings-during-COVID-19-IMAGE-07-02-2020.pdf,"Tex. Exec. Order No. GA 29 (July 2, 2020)"
683035,TX,Colorado County,48,89,10/30/2020,1,Yes,Official,https://open.texas.gov/uploads/files/organization/opentexas/EO-GA-29-use-of-face-coverings-during-COVID-19-IMAGE-07-02-2020.pdf,"Tex. Exec. Order No. GA 29 (July 2, 2020)"
683036,TX,Colorado County,48,89,10/31/2020,1,Yes,Official,https://open.texas.gov/uploads/files/organization/opentexas/EO-GA-29-use-of-face-coverings-during-COVID-19-IMAGE-07-02-2020.pdf,"Tex. Exec. Order No. GA 29 (July 2, 2020)"
683037,TX,Colorado County,48,89,11/1/2020,1,Yes,Official,https://open.texas.gov/uploads/files/organization/opentexas/EO-GA-29-use-of-face-coverings-during-COVID-19-IMAGE-07-02-2020.pdf,"Tex. Exec. Order No. GA 29 (July 2, 2020)"
683038,TX,Colorado County,48,89,11/2/2020,1,Yes,Official,https://open.texas.gov/uploads/files/organization/opentexas/EO-GA-29-use-of-face-coverings-during-COVID-19-IMAGE-07-02-2020.pdf,"Tex. Exec. Order No. GA 29 (July 2, 2020)"
683039,TX,Colorado County,48,89,11/3/2020,1,Yes,Official,https://open.texas.gov/uploads/files/organization/opentexas/EO-GA-29-use-of-face-coverings-during-COVID-19-IMAGE-07-02-2020.pdf,"Tex. Exec. Order No. GA 29 (July 2, 2020)"
683040,TX,Colorado County,48,89,11/4/2020,1,Yes,Official,https://open.texas.gov/uploads/files/organization/opentexas/EO-GA-29-use-of-face-coverings-during-COVID-19-IMAGE-07-02-2020.pdf,"Tex. Exec. Order No. GA 29 (July 2, 2020)"
683041,TX,Colorado County,48,89,11/5/2020,1,Yes,Official,https://open.texas.gov/uploads/files/organization/opentexas/EO-GA-29-use-of-face-coverings-during-COVID-19-IMAGE-07-02-2020.pdf,"Tex. Exec. Order No. GA 29 (July 2, 2020)"
683042,TX,Colorado County,48,89,11/6/2020,1,Yes,Official,https://open.texas.gov/uploads/files/organization/opentexas/EO-GA-29-use-of-face-coverings-during-COVID-19-IMAGE-07-02-2020.pdf,"Tex. Exec. Order No. GA 29 (July 2, 2020)"
683043,TX,Colorado County,48,89,11/7/2020,1,Yes,Official,https://open.texas.gov/uploads/files/organization/opentexas/EO-GA-29-use-of-face-coverings-during-COVID-19-IMAGE-07-02-2020.pdf,"Tex. Exec. Order No. GA 29 (July 2, 2020)"
683044,TX,Colorado County,48,89,11/8/2020,1,Yes,Official,https://open.texas.gov/uploads/files/organization/opentexas/EO-GA-29-use-of-face-coverings-during-COVID-19-IMAGE-07-02-2020.pdf,"Tex. Exec. Order No. GA 29 (July 2, 2020)"
683045,TX,Colorado County,48,89,11/9/2020,1,Yes,Official,https://open.texas.gov/uploads/files/organization/opentexas/EO-GA-29-use-of-face-coverings-during-COVID-19-IMAGE-07-02-2020.pdf,"Tex. Exec. Order No. GA 29 (July 2, 2020)"
683046,TX,Colorado County,48,89,11/10/2020,1,Yes,Official,https://open.texas.gov/uploads/files/organization/opentexas/EO-GA-29-use-of-face-coverings-during-COVID-19-IMAGE-07-02-2020.pdf,"Tex. Exec. Order No. GA 29 (July 2, 2020)"
683047,TX,Colorado County,48,89,11/11/2020,1,Yes,Official,https://open.texas.gov/uploads/files/organization/opentexas/EO-GA-29-use-of-face-coverings-during-COVID-19-IMAGE-07-02-2020.pdf,"Tex. Exec. Order No. GA 29 (July 2, 2020)"
683048,TX,Colorado County,48,89,11/12/2020,1,Yes,Official,https://open.texas.gov/uploads/files/organization/opentexas/EO-GA-29-use-of-face-coverings-during-COVID-19-IMAGE-07-02-2020.pdf,"Tex. Exec. Order No. GA 29 (July 2, 2020)"
683049,TX,Colorado County,48,89,11/13/2020,1,Yes,Official,https://open.texas.gov/uploads/files/organization/opentexas/EO-GA-29-use-of-face-coverings-during-COVID-19-IMAGE-07-02-2020.pdf,"Tex. Exec. Order No. GA 29 (July 2, 2020)"
683050,TX,Colorado County,48,89,11/14/2020,1,Yes,Official,https://open.texas.gov/uploads/files/organization/opentexas/EO-GA-29-use-of-face-coverings-during-COVID-19-IMAGE-07-02-2020.pdf,"Tex. Exec. Order No. GA 29 (July 2, 2020)"
683051,TX,Colorado County,48,89,11/15/2020,1,Yes,Official,https://open.texas.gov/uploads/files/organization/opentexas/EO-GA-29-use-of-face-coverings-during-COVID-19-IMAGE-07-02-2020.pdf,"Tex. Exec. Order No. GA 29 (July 2, 2020)"
683052,TX,Colorado County,48,89,11/16/2020,1,Yes,Official,https://open.texas.gov/uploads/files/organization/opentexas/EO-GA-29-use-of-face-coverings-during-COVID-19-IMAGE-07-02-2020.pdf,"Tex. Exec. Order No. GA 29 (July 2, 2020)"
683053,TX,Colorado County,48,89,11/17/2020,1,Yes,Official,https://open.texas.gov/uploads/files/organization/opentexas/EO-GA-29-use-of-face-coverings-during-COVID-19-IMAGE-07-02-2020.pdf,"Tex. Exec. Order No. GA 29 (July 2, 2020)"
683054,TX,Colorado County,48,89,11/18/2020,1,Yes,Official,https://open.texas.gov/uploads/files/organization/opentexas/EO-GA-29-use-of-face-coverings-during-COVID-19-IMAGE-07-02-2020.pdf,"Tex. Exec. Order No. GA 29 (July 2, 2020)"
683055,TX,Colorado County,48,89,11/19/2020,1,Yes,Official,https://open.texas.gov/uploads/files/organization/opentexas/EO-GA-29-use-of-face-coverings-during-COVID-19-IMAGE-07-02-2020.pdf,"Tex. Exec. Order No. GA 29 (July 2, 2020)"
683056,TX,Colorado County,48,89,11/20/2020,1,Yes,Official,https://open.texas.gov/uploads/files/organization/opentexas/EO-GA-29-use-of-face-coverings-during-COVID-19-IMAGE-07-02-2020.pdf,"Tex. Exec. Order No. GA 29 (July 2, 2020)"
683057,TX,Colorado County,48,89,11/21/2020,1,Yes,Official,https://open.texas.gov/uploads/files/organization/opentexas/EO-GA-29-use-of-face-coverings-during-COVID-19-IMAGE-07-02-2020.pdf,"Tex. Exec. Order No. GA 29 (July 2, 2020)"
683058,TX,Colorado County,48,89,11/22/2020,1,Yes,Official,https://open.texas.gov/uploads/files/organization/opentexas/EO-GA-29-use-of-face-coverings-during-COVID-19-IMAGE-07-02-2020.pdf,"Tex. Exec. Order No. GA 29 (July 2, 2020)"
683061,TX,Colorado County,48,89,11/23/2020,1,Yes,Official,https://open.texas.gov/uploads/files/organization/opentexas/EO-GA-29-use-of-face-coverings-during-COVID-19-IMAGE-07-02-2020.pdf,"Tex. Exec. Order No. GA 29 (July 2, 2020)"
683062,TX,Colorado County,48,89,11/24/2020,1,Yes,Official,https://open.texas.gov/uploads/files/organization/opentexas/EO-GA-29-use-of-face-coverings-during-COVID-19-IMAGE-07-02-2020.pdf,"Tex. Exec. Order No. GA 29 (July 2, 2020)"
683063,TX,Colorado County,48,89,11/25/2020,1,Yes,Official,https://open.texas.gov/uploads/files/organization/opentexas/EO-GA-29-use-of-face-coverings-during-COVID-19-IMAGE-07-02-2020.pdf,"Tex. Exec. Order No. GA 29 (July 2, 2020)"
683064,TX,Colorado County,48,89,11/26/2020,1,Yes,Official,https://open.texas.gov/uploads/files/organization/opentexas/EO-GA-29-use-of-face-coverings-during-COVID-19-IMAGE-07-02-2020.pdf,"Tex. Exec. Order No. GA 29 (July 2, 2020)"
683065,TX,Colorado County,48,89,11/27/2020,1,Yes,Official,https://open.texas.gov/uploads/files/organization/opentexas/EO-GA-29-use-of-face-coverings-during-COVID-19-IMAGE-07-02-2020.pdf,"Tex. Exec. Order No. GA 29 (July 2, 2020)"
683066,TX,Colorado County,48,89,11/28/2020,1,Yes,Official,https://open.texas.gov/uploads/files/organization/opentexas/EO-GA-29-use-of-face-coverings-during-COVID-19-IMAGE-07-02-2020.pdf,"Tex. Exec. Order No. GA 29 (July 2, 2020)"
683067,TX,Colorado County,48,89,11/29/2020,1,Yes,Official,https://open.texas.gov/uploads/files/organization/opentexas/EO-GA-29-use-of-face-coverings-during-COVID-19-IMAGE-07-02-2020.pdf,"Tex. Exec. Order No. GA 29 (July 2, 2020)"
683068,TX,Colorado County,48,89,11/30/2020,1,Yes,Official,https://open.texas.gov/uploads/files/organization/opentexas/EO-GA-29-use-of-face-coverings-during-COVID-19-IMAGE-07-02-2020.pdf,"Tex. Exec. Order No. GA 29 (July 2, 2020)"
683069,TX,Colorado County,48,89,12/1/2020,1,Yes,Official,https://open.texas.gov/uploads/files/organization/opentexas/EO-GA-29-use-of-face-coverings-during-COVID-19-IMAGE-07-02-2020.pdf,"Tex. Exec. Order No. GA 29 (July 2, 2020)"
683070,TX,Colorado County,48,89,12/2/2020,1,Yes,Official,https://open.texas.gov/uploads/files/organization/opentexas/EO-GA-29-use-of-face-coverings-during-COVID-19-IMAGE-07-02-2020.pdf,"Tex. Exec. Order No. GA 29 (July 2, 2020)"
683071,TX,Colorado County,48,89,12/3/2020,1,Yes,Official,https://open.texas.gov/uploads/files/organization/opentexas/EO-GA-29-use-of-face-coverings-during-COVID-19-IMAGE-07-02-2020.pdf,"Tex. Exec. Order No. GA 29 (July 2, 2020)"
683072,TX,Colorado County,48,89,12/4/2020,1,Yes,Official,https://open.texas.gov/uploads/files/organization/opentexas/EO-GA-29-use-of-face-coverings-during-COVID-19-IMAGE-07-02-2020.pdf,"Tex. Exec. Order No. GA 29 (July 2, 2020)"
683073,TX,Colorado County,48,89,12/5/2020,1,Yes,Official,https://open.texas.gov/uploads/files/organization/opentexas/EO-GA-29-use-of-face-coverings-during-COVID-19-IMAGE-07-02-2020.pdf,"Tex. Exec. Order No. GA 29 (July 2, 2020)"
683074,TX,Colorado County,48,89,12/6/2020,1,Yes,Official,https://open.texas.gov/uploads/files/organization/opentexas/EO-GA-29-use-of-face-coverings-during-COVID-19-IMAGE-07-02-2020.pdf,"Tex. Exec. Order No. GA 29 (July 2, 2020)"
683075,TX,Colorado County,48,89,12/7/2020,1,Yes,Official,https://open.texas.gov/uploads/files/organization/opentexas/EO-GA-29-use-of-face-coverings-during-COVID-19-IMAGE-07-02-2020.pdf,"Tex. Exec. Order No. GA 29 (July 2, 2020)"
683076,TX,Colorado County,48,89,12/8/2020,1,Yes,Official,https://open.texas.gov/uploads/files/organization/opentexas/EO-GA-29-use-of-face-coverings-during-COVID-19-IMAGE-07-02-2020.pdf,"Tex. Exec. Order No. GA 29 (July 2, 2020)"
683077,TX,Colorado County,48,89,12/9/2020,1,Yes,Official,https://open.texas.gov/uploads/files/organization/opentexas/EO-GA-29-use-of-face-coverings-during-COVID-19-IMAGE-07-02-2020.pdf,"Tex. Exec. Order No. GA 29 (July 2, 2020)"
683078,TX,Colorado County,48,89,12/10/2020,1,Yes,Official,https://open.texas.gov/uploads/files/organization/opentexas/EO-GA-29-use-of-face-coverings-during-COVID-19-IMAGE-07-02-2020.pdf,"Tex. Exec. Order No. GA 29 (July 2, 2020)"
683079,TX,Colorado County,48,89,12/11/2020,1,Yes,Official,https://open.texas.gov/uploads/files/organization/opentexas/EO-GA-29-use-of-face-coverings-during-COVID-19-IMAGE-07-02-2020.pdf,"Tex. Exec. Order No. GA 29 (July 2, 2020)"
683080,TX,Colorado County,48,89,12/12/2020,1,Yes,Official,https://open.texas.gov/uploads/files/organization/opentexas/EO-GA-29-use-of-face-coverings-during-COVID-19-IMAGE-07-02-2020.pdf,"Tex. Exec. Order No. GA 29 (July 2, 2020)"
683081,TX,Colorado County,48,89,12/13/2020,1,Yes,Official,https://open.texas.gov/uploads/files/organization/opentexas/EO-GA-29-use-of-face-coverings-during-COVID-19-IMAGE-07-02-2020.pdf,"Tex. Exec. Order No. GA 29 (July 2, 2020)"
683082,TX,Colorado County,48,89,12/14/2020,1,Yes,Official,https://open.texas.gov/uploads/files/organization/opentexas/EO-GA-29-use-of-face-coverings-during-COVID-19-IMAGE-07-02-2020.pdf,"Tex. Exec. Order No. GA 29 (July 2, 2020)"
683083,TX,Colorado County,48,89,12/15/2020,1,Yes,Official,https://open.texas.gov/uploads/files/organization/opentexas/EO-GA-29-use-of-face-coverings-during-COVID-19-IMAGE-07-02-2020.pdf,"Tex. Exec. Order No. GA 29 (July 2, 2020)"
683084,TX,Colorado County,48,89,12/16/2020,1,Yes,Official,https://open.texas.gov/uploads/files/organization/opentexas/EO-GA-29-use-of-face-coverings-during-COVID-19-IMAGE-07-02-2020.pdf,"Tex. Exec. Order No. GA 29 (July 2, 2020)"
683085,TX,Colorado County,48,89,12/17/2020,1,Yes,Official,https://open.texas.gov/uploads/files/organization/opentexas/EO-GA-29-use-of-face-coverings-during-COVID-19-IMAGE-07-02-2020.pdf,"Tex. Exec. Order No. GA 29 (July 2, 2020)"
683086,TX,Colorado County,48,89,12/18/2020,1,Yes,Official,https://open.texas.gov/uploads/files/organization/opentexas/EO-GA-29-use-of-face-coverings-during-COVID-19-IMAGE-07-02-2020.pdf,"Tex. Exec. Order No. GA 29 (July 2, 2020)"
683087,TX,Colorado County,48,89,12/19/2020,1,Yes,Official,https://open.texas.gov/uploads/files/organization/opentexas/EO-GA-29-use-of-face-coverings-during-COVID-19-IMAGE-07-02-2020.pdf,"Tex. Exec. Order No. GA 29 (July 2, 2020)"
683090,TX,Colorado County,48,89,12/20/2020,1,Yes,Official,https://open.texas.gov/uploads/files/organization/opentexas/EO-GA-29-use-of-face-coverings-during-COVID-19-IMAGE-07-02-2020.pdf,"Tex. Exec. Order No. GA 29 (July 2, 2020)"
683091,TX,Colorado County,48,89,12/21/2020,1,Yes,Official,https://open.texas.gov/uploads/files/organization/opentexas/EO-GA-29-use-of-face-coverings-during-COVID-19-IMAGE-07-02-2020.pdf,"Tex. Exec. Order No. GA 29 (July 2, 2020)"
683092,TX,Colorado County,48,89,12/22/2020,1,Yes,Official,https://open.texas.gov/uploads/files/organization/opentexas/EO-GA-29-use-of-face-coverings-during-COVID-19-IMAGE-07-02-2020.pdf,"Tex. Exec. Order No. GA 29 (July 2, 2020)"
683093,TX,Colorado County,48,89,12/23/2020,1,Yes,Official,https://open.texas.gov/uploads/files/organization/opentexas/EO-GA-29-use-of-face-coverings-during-COVID-19-IMAGE-07-02-2020.pdf,"Tex. Exec. Order No. GA 29 (July 2, 2020)"
683094,TX,Colorado County,48,89,12/24/2020,1,Yes,Official,https://open.texas.gov/uploads/files/organization/opentexas/EO-GA-29-use-of-face-coverings-during-COVID-19-IMAGE-07-02-2020.pdf,"Tex. Exec. Order No. GA 29 (July 2, 2020)"
683095,TX,Colorado County,48,89,12/25/2020,1,Yes,Official,https://open.texas.gov/uploads/files/organization/opentexas/EO-GA-29-use-of-face-coverings-during-COVID-19-IMAGE-07-02-2020.pdf,"Tex. Exec. Order No. GA 29 (July 2, 2020)"
683096,TX,Colorado County,48,89,12/26/2020,1,Yes,Official,https://open.texas.gov/uploads/files/organization/opentexas/EO-GA-29-use-of-face-coverings-during-COVID-19-IMAGE-07-02-2020.pdf,"Tex. Exec. Order No. GA 29 (July 2, 2020)"
683097,TX,Colorado County,48,89,12/27/2020,1,Yes,Official,https://open.texas.gov/uploads/files/organization/opentexas/EO-GA-29-use-of-face-coverings-during-COVID-19-IMAGE-07-02-2020.pdf,"Tex. Exec. Order No. GA 29 (July 2, 2020)"
683098,TX,Colorado County,48,89,12/28/2020,1,Yes,Official,https://open.texas.gov/uploads/files/organization/opentexas/EO-GA-29-use-of-face-coverings-during-COVID-19-IMAGE-07-02-2020.pdf,"Tex. Exec. Order No. GA 29 (July 2, 2020)"
683099,TX,Colorado County,48,89,12/29/2020,1,Yes,Official,https://open.texas.gov/uploads/files/organization/opentexas/EO-GA-29-use-of-face-coverings-during-COVID-19-IMAGE-07-02-2020.pdf,"Tex. Exec. Order No. GA 29 (July 2, 2020)"
683100,TX,Colorado County,48,89,12/30/2020,1,Yes,Official,https://open.texas.gov/uploads/files/organization/opentexas/EO-GA-29-use-of-face-coverings-during-COVID-19-IMAGE-07-02-2020.pdf,"Tex. Exec. Order No. GA 29 (July 2, 2020)"
683101,TX,Colorado County,48,89,12/31/2020,1,Yes,Official,https://open.texas.gov/uploads/files/organization/opentexas/EO-GA-29-use-of-face-coverings-during-COVID-19-IMAGE-07-02-2020.pdf,"Tex. Exec. Order No. GA 29 (July 2, 2020)"
1442687,TX,Colorado County,48,89,1/1/2021,1,Yes,Official,https://open.texas.gov/uploads/files/organization/opentexas/EO-GA-29-use-of-face-coverings-during-COVID-19-IMAGE-07-02-2020.pdf,"Tex. Exec. Order No. GA 29 (July 2, 2020)"
1442688,TX,Colorado County,48,89,1/2/2021,1,Yes,Official,https://open.texas.gov/uploads/files/organization/opentexas/EO-GA-29-use-of-face-coverings-during-COVID-19-IMAGE-07-02-2020.pdf,"Tex. Exec. Order No. GA 29 (July 2, 2020)"
1442689,TX,Colorado County,48,89,1/3/2021,1,Yes,Official,https://open.texas.gov/uploads/files/organization/opentexas/EO-GA-29-use-of-face-coverings-during-COVID-19-IMAGE-07-02-2020.pdf,"Tex. Exec. Order No. GA 29 (July 2, 2020)"
1442690,TX,Colorado County,48,89,1/4/2021,1,Yes,Official,https://open.texas.gov/uploads/files/organization/opentexas/EO-GA-29-use-of-face-coverings-during-COVID-19-IMAGE-07-02-2020.pdf,"Tex. Exec. Order No. GA 29 (July 2, 2020)"
1442691,TX,Colorado County,48,89,1/5/2021,1,Yes,Official,https://open.texas.gov/uploads/files/organization/opentexas/EO-GA-29-use-of-face-coverings-during-COVID-19-IMAGE-07-02-2020.pdf,"Tex. Exec. Order No. GA 29 (July 2, 2020)"
1442692,TX,Colorado County,48,89,1/6/2021,1,Yes,Official,https://open.texas.gov/uploads/files/organization/opentexas/EO-GA-29-use-of-face-coverings-during-COVID-19-IMAGE-07-02-2020.pdf,"Tex. Exec. Order No. GA 29 (July 2, 2020)"
1442693,TX,Colorado County,48,89,1/7/2021,1,Yes,Official,https://open.texas.gov/uploads/files/organization/opentexas/EO-GA-29-use-of-face-coverings-during-COVID-19-IMAGE-07-02-2020.pdf,"Tex. Exec. Order No. GA 29 (July 2, 2020)"
1442694,TX,Colorado County,48,89,1/8/2021,1,Yes,Official,https://open.texas.gov/uploads/files/organization/opentexas/EO-GA-29-use-of-face-coverings-during-COVID-19-IMAGE-07-02-2020.pdf,"Tex. Exec. Order No. GA 29 (July 2, 2020)"
1442695,TX,Colorado County,48,89,1/9/2021,1,Yes,Official,https://open.texas.gov/uploads/files/organization/opentexas/EO-GA-29-use-of-face-coverings-during-COVID-19-IMAGE-07-02-2020.pdf,"Tex. Exec. Order No. GA 29 (July 2, 2020)"
1442696,TX,Colorado County,48,89,1/10/2021,1,Yes,Official,https://open.texas.gov/uploads/files/organization/opentexas/EO-GA-29-use-of-face-coverings-during-COVID-19-IMAGE-07-02-2020.pdf,"Tex. Exec. Order No. GA 29 (July 2, 2020)"
1442697,TX,Colorado County,48,89,1/11/2021,1,Yes,Official,https://open.texas.gov/uploads/files/organization/opentexas/EO-GA-29-use-of-face-coverings-during-COVID-19-IMAGE-07-02-2020.pdf,"Tex. Exec. Order No. GA 29 (July 2, 2020)"
1442698,TX,Colorado County,48,89,1/12/2021,1,Yes,Official,https://open.texas.gov/uploads/files/organization/opentexas/EO-GA-29-use-of-face-coverings-during-COVID-19-IMAGE-07-02-2020.pdf,"Tex. Exec. Order No. GA 29 (July 2, 2020)"
1442699,TX,Colorado County,48,89,1/13/2021,1,Yes,Official,https://open.texas.gov/uploads/files/organization/opentexas/EO-GA-29-use-of-face-coverings-during-COVID-19-IMAGE-07-02-2020.pdf,"Tex. Exec. Order No. GA 29 (July 2, 2020)"
1442700,TX,Colorado County,48,89,1/14/2021,1,Yes,Official,https://open.texas.gov/uploads/files/organization/opentexas/EO-GA-29-use-of-face-coverings-during-COVID-19-IMAGE-07-02-2020.pdf,"Tex. Exec. Order No. GA 29 (July 2, 2020)"
1442701,TX,Colorado County,48,89,1/15/2021,1,Yes,Official,https://open.texas.gov/uploads/files/organization/opentexas/EO-GA-29-use-of-face-coverings-during-COVID-19-IMAGE-07-02-2020.pdf,"Tex. Exec. Order No. GA 29 (July 2, 2020)"
1442702,TX,Colorado County,48,89,1/16/2021,1,Yes,Official,https://open.texas.gov/uploads/files/organization/opentexas/EO-GA-29-use-of-face-coverings-during-COVID-19-IMAGE-07-02-2020.pdf,"Tex. Exec. Order No. GA 29 (July 2, 2020)"
1442703,TX,Colorado County,48,89,1/17/2021,1,Yes,Official,https://open.texas.gov/uploads/files/organization/opentexas/EO-GA-29-use-of-face-coverings-during-COVID-19-IMAGE-07-02-2020.pdf,"Tex. Exec. Order No. GA 29 (July 2, 2020)"
1442704,TX,Colorado County,48,89,1/18/2021,1,Yes,Official,https://open.texas.gov/uploads/files/organization/opentexas/EO-GA-29-use-of-face-coverings-during-COVID-19-IMAGE-07-02-2020.pdf,"Tex. Exec. Order No. GA 29 (July 2, 2020)"
1442705,TX,Colorado County,48,89,1/19/2021,1,Yes,Official,https://open.texas.gov/uploads/files/organization/opentexas/EO-GA-29-use-of-face-coverings-during-COVID-19-IMAGE-07-02-2020.pdf,"Tex. Exec. Order No. GA 29 (July 2, 2020)"
1442706,TX,Colorado County,48,89,1/20/2021,1,Yes,Official,https://open.texas.gov/uploads/files/organization/opentexas/EO-GA-29-use-of-face-coverings-during-COVID-19-IMAGE-07-02-2020.pdf,"Tex. Exec. Order No. GA 29 (July 2, 2020)"
1442707,TX,Colorado County,48,89,1/21/2021,1,Yes,Official,https://open.texas.gov/uploads/files/organization/opentexas/EO-GA-29-use-of-face-coverings-during-COVID-19-IMAGE-07-02-2020.pdf,"Tex. Exec. Order No. GA 29 (July 2, 2020)"
1442708,TX,Colorado County,48,89,1/22/2021,1,Yes,Official,https://open.texas.gov/uploads/files/organization/opentexas/EO-GA-29-use-of-face-coverings-during-COVID-19-IMAGE-07-02-2020.pdf,"Tex. Exec. Order No. GA 29 (July 2, 2020)"
1442709,TX,Colorado County,48,89,1/23/2021,1,Yes,Official,https://open.texas.gov/uploads/files/organization/opentexas/EO-GA-29-use-of-face-coverings-during-COVID-19-IMAGE-07-02-2020.pdf,"Tex. Exec. Order No. GA 29 (July 2, 2020)"
1442710,TX,Colorado County,48,89,1/24/2021,1,Yes,Official,https://open.texas.gov/uploads/files/organization/opentexas/EO-GA-29-use-of-face-coverings-during-COVID-19-IMAGE-07-02-2020.pdf,"Tex. Exec. Order No. GA 29 (July 2, 2020)"
1442711,TX,Colorado County,48,89,1/25/2021,1,Yes,Official,https://open.texas.gov/uploads/files/organization/opentexas/EO-GA-29-use-of-face-coverings-during-COVID-19-IMAGE-07-02-2020.pdf,"Tex. Exec. Order No. GA 29 (July 2, 2020)"
1442712,TX,Colorado County,48,89,1/26/2021,1,Yes,Official,https://open.texas.gov/uploads/files/organization/opentexas/EO-GA-29-use-of-face-coverings-during-COVID-19-IMAGE-07-02-2020.pdf,"Tex. Exec. Order No. GA 29 (July 2, 2020)"
1442713,TX,Colorado County,48,89,1/27/2021,1,Yes,Official,https://open.texas.gov/uploads/files/organization/opentexas/EO-GA-29-use-of-face-coverings-during-COVID-19-IMAGE-07-02-2020.pdf,"Tex. Exec. Order No. GA 29 (July 2, 2020)"
1442714,TX,Colorado County,48,89,1/28/2021,1,Yes,Official,https://open.texas.gov/uploads/files/organization/opentexas/EO-GA-29-use-of-face-coverings-during-COVID-19-IMAGE-07-02-2020.pdf,"Tex. Exec. Order No. GA 29 (July 2, 2020)"
1442715,TX,Colorado County,48,89,1/29/2021,1,Yes,Official,https://open.texas.gov/uploads/files/organization/opentexas/EO-GA-29-use-of-face-coverings-during-COVID-19-IMAGE-07-02-2020.pdf,"Tex. Exec. Order No. GA 29 (July 2, 2020)"
1442716,TX,Colorado County,48,89,1/30/2021,1,Yes,Official,https://open.texas.gov/uploads/files/organization/opentexas/EO-GA-29-use-of-face-coverings-during-COVID-19-IMAGE-07-02-2020.pdf,"Tex. Exec. Order No. GA 29 (July 2, 2020)"
1442717,TX,Colorado County,48,89,1/31/2021,1,Yes,Official,https://open.texas.gov/uploads/files/organization/opentexas/EO-GA-29-use-of-face-coverings-during-COVID-19-IMAGE-07-02-2020.pdf,"Tex. Exec. Order No. GA 29 (July 2, 2020)"
1442718,TX,Colorado County,48,89,2/1/2021,1,Yes,Official,https://open.texas.gov/uploads/files/organization/opentexas/EO-GA-29-use-of-face-coverings-during-COVID-19-IMAGE-07-02-2020.pdf,"Tex. Exec. Order No. GA 29 (July 2, 2020)"
1442719,TX,Colorado County,48,89,2/2/2021,1,Yes,Official,https://open.texas.gov/uploads/files/organization/opentexas/EO-GA-29-use-of-face-coverings-during-COVID-19-IMAGE-07-02-2020.pdf,"Tex. Exec. Order No. GA 29 (July 2, 2020)"
1442720,TX,Colorado County,48,89,2/3/2021,1,Yes,Official,https://open.texas.gov/uploads/files/organization/opentexas/EO-GA-29-use-of-face-coverings-during-COVID-19-IMAGE-07-02-2020.pdf,"Tex. Exec. Order No. GA 29 (July 2, 2020)"
1442721,TX,Colorado County,48,89,2/4/2021,1,Yes,Official,https://open.texas.gov/uploads/files/organization/opentexas/EO-GA-29-use-of-face-coverings-during-COVID-19-IMAGE-07-02-2020.pdf,"Tex. Exec. Order No. GA 29 (July 2, 2020)"
1442722,TX,Colorado County,48,89,2/5/2021,1,Yes,Official,https://open.texas.gov/uploads/files/organization/opentexas/EO-GA-29-use-of-face-coverings-during-COVID-19-IMAGE-07-02-2020.pdf,"Tex. Exec. Order No. GA 29 (July 2, 2020)"
1442723,TX,Colorado County,48,89,2/6/2021,1,Yes,Official,https://open.texas.gov/uploads/files/organization/opentexas/EO-GA-29-use-of-face-coverings-during-COVID-19-IMAGE-07-02-2020.pdf,"Tex. Exec. Order No. GA 29 (July 2, 2020)"
1442724,TX,Colorado County,48,89,2/7/2021,1,Yes,Official,https://open.texas.gov/uploads/files/organization/opentexas/EO-GA-29-use-of-face-coverings-during-COVID-19-IMAGE-07-02-2020.pdf,"Tex. Exec. Order No. GA 29 (July 2, 2020)"
1442725,TX,Colorado County,48,89,2/8/2021,1,Yes,Official,https://open.texas.gov/uploads/files/organization/opentexas/EO-GA-29-use-of-face-coverings-during-COVID-19-IMAGE-07-02-2020.pdf,"Tex. Exec. Order No. GA 29 (July 2, 2020)"
1442726,TX,Colorado County,48,89,2/9/2021,1,Yes,Official,https://open.texas.gov/uploads/files/organization/opentexas/EO-GA-29-use-of-face-coverings-during-COVID-19-IMAGE-07-02-2020.pdf,"Tex. Exec. Order No. GA 29 (July 2, 2020)"
1442727,TX,Colorado County,48,89,2/10/2021,1,Yes,Official,https://open.texas.gov/uploads/files/organization/opentexas/EO-GA-29-use-of-face-coverings-during-COVID-19-IMAGE-07-02-2020.pdf,"Tex. Exec. Order No. GA 29 (July 2, 2020)"
1442728,TX,Colorado County,48,89,2/11/2021,1,Yes,Official,https://open.texas.gov/uploads/files/organization/opentexas/EO-GA-29-use-of-face-coverings-during-COVID-19-IMAGE-07-02-2020.pdf,"Tex. Exec. Order No. GA 29 (July 2, 2020)"
1442729,TX,Colorado County,48,89,2/12/2021,1,Yes,Official,https://open.texas.gov/uploads/files/organization/opentexas/EO-GA-29-use-of-face-coverings-during-COVID-19-IMAGE-07-02-2020.pdf,"Tex. Exec. Order No. GA 29 (July 2, 2020)"
1442730,TX,Colorado County,48,89,2/13/2021,1,Yes,Official,https://open.texas.gov/uploads/files/organization/opentexas/EO-GA-29-use-of-face-coverings-during-COVID-19-IMAGE-07-02-2020.pdf,"Tex. Exec. Order No. GA 29 (July 2, 2020)"
1442731,TX,Colorado County,48,89,2/14/2021,1,Yes,Official,https://open.texas.gov/uploads/files/organization/opentexas/EO-GA-29-use-of-face-coverings-during-COVID-19-IMAGE-07-02-2020.pdf,"Tex. Exec. Order No. GA 29 (July 2, 2020)"
1442732,TX,Colorado County,48,89,2/15/2021,1,Yes,Official,https://open.texas.gov/uploads/files/organization/opentexas/EO-GA-29-use-of-face-coverings-during-COVID-19-IMAGE-07-02-2020.pdf,"Tex. Exec. Order No. GA 29 (July 2, 2020)"
1442733,TX,Colorado County,48,89,2/16/2021,1,Yes,Official,https://open.texas.gov/uploads/files/organization/opentexas/EO-GA-29-use-of-face-coverings-during-COVID-19-IMAGE-07-02-2020.pdf,"Tex. Exec. Order No. GA 29 (July 2, 2020)"
1442734,TX,Colorado County,48,89,2/17/2021,1,Yes,Official,https://open.texas.gov/uploads/files/organization/opentexas/EO-GA-29-use-of-face-coverings-during-COVID-19-IMAGE-07-02-2020.pdf,"Tex. Exec. Order No. GA 29 (July 2, 2020)"
1442735,TX,Colorado County,48,89,2/18/2021,1,Yes,Official,https://open.texas.gov/uploads/files/organization/opentexas/EO-GA-29-use-of-face-coverings-during-COVID-19-IMAGE-07-02-2020.pdf,"Tex. Exec. Order No. GA 29 (July 2, 2020)"
1442736,TX,Colorado County,48,89,2/19/2021,1,Yes,Official,https://open.texas.gov/uploads/files/organization/opentexas/EO-GA-29-use-of-face-coverings-during-COVID-19-IMAGE-07-02-2020.pdf,"Tex. Exec. Order No. GA 29 (July 2, 2020)"
1442737,TX,Colorado County,48,89,2/20/2021,1,Yes,Official,https://open.texas.gov/uploads/files/organization/opentexas/EO-GA-29-use-of-face-coverings-during-COVID-19-IMAGE-07-02-2020.pdf,"Tex. Exec. Order No. GA 29 (July 2, 2020)"
1442738,TX,Colorado County,48,89,2/21/2021,1,Yes,Official,https://open.texas.gov/uploads/files/organization/opentexas/EO-GA-29-use-of-face-coverings-during-COVID-19-IMAGE-07-02-2020.pdf,"Tex. Exec. Order No. GA 29 (July 2, 2020)"
1442739,TX,Colorado County,48,89,2/22/2021,1,Yes,Official,https://open.texas.gov/uploads/files/organization/opentexas/EO-GA-29-use-of-face-coverings-during-COVID-19-IMAGE-07-02-2020.pdf,"Tex. Exec. Order No. GA 29 (July 2, 2020)"
1442740,TX,Colorado County,48,89,2/23/2021,1,Yes,Official,https://open.texas.gov/uploads/files/organization/opentexas/EO-GA-29-use-of-face-coverings-during-COVID-19-IMAGE-07-02-2020.pdf,"Tex. Exec. Order No. GA 29 (July 2, 2020)"
1442741,TX,Colorado County,48,89,2/24/2021,1,Yes,Official,https://open.texas.gov/uploads/files/organization/opentexas/EO-GA-29-use-of-face-coverings-during-COVID-19-IMAGE-07-02-2020.pdf,"Tex. Exec. Order No. GA 29 (July 2, 2020)"
1442742,TX,Colorado County,48,89,2/25/2021,1,Yes,Official,https://open.texas.gov/uploads/files/organization/opentexas/EO-GA-29-use-of-face-coverings-during-COVID-19-IMAGE-07-02-2020.pdf,"Tex. Exec. Order No. GA 29 (July 2, 2020)"
1442743,TX,Colorado County,48,89,2/26/2021,1,Yes,Official,https://open.texas.gov/uploads/files/organization/opentexas/EO-GA-29-use-of-face-coverings-during-COVID-19-IMAGE-07-02-2020.pdf,"Tex. Exec. Order No. GA 29 (July 2, 2020)"
1442744,TX,Colorado County,48,89,2/27/2021,1,Yes,Official,https://open.texas.gov/uploads/files/organization/opentexas/EO-GA-29-use-of-face-coverings-during-COVID-19-IMAGE-07-02-2020.pdf,"Tex. Exec. Order No. GA 29 (July 2, 2020)"
1442745,TX,Colorado County,48,89,2/28/2021,1,Yes,Official,https://open.texas.gov/uploads/files/organization/opentexas/EO-GA-29-use-of-face-coverings-during-COVID-19-IMAGE-07-02-2020.pdf,"Tex. Exec. Order No. GA 29 (July 2, 2020)"
1442746,TX,Colorado County,48,89,3/1/2021,1,Yes,Official,https://open.texas.gov/uploads/files/organization/opentexas/EO-GA-29-use-of-face-coverings-during-COVID-19-IMAGE-07-02-2020.pdf,"Tex. Exec. Order No. GA 29 (July 2, 2020)"
1442747,TX,Colorado County,48,89,3/2/2021,1,Yes,Official,https://open.texas.gov/uploads/files/organization/opentexas/EO-GA-29-use-of-face-coverings-during-COVID-19-IMAGE-07-02-2020.pdf,"Tex. Exec. Order No. GA 29 (July 2, 2020)"
1442748,TX,Colorado County,48,89,3/3/2021,1,Yes,Official,https://open.texas.gov/uploads/files/organization/opentexas/EO-GA-29-use-of-face-coverings-during-COVID-19-IMAGE-07-02-2020.pdf,"Tex. Exec. Order No. GA 29 (July 2, 2020)"
1442749,TX,Colorado County,48,89,3/4/2021,1,Yes,Official,https://open.texas.gov/uploads/files/organization/opentexas/EO-GA-29-use-of-face-coverings-during-COVID-19-IMAGE-07-02-2020.pdf,"Tex. Exec. Order No. GA 29 (July 2, 2020)"
1442750,TX,Colorado County,48,89,3/5/2021,1,Yes,Official,https://open.texas.gov/uploads/files/organization/opentexas/EO-GA-29-use-of-face-coverings-during-COVID-19-IMAGE-07-02-2020.pdf,"Tex. Exec. Order No. GA 29 (July 2, 2020)"
1442751,TX,Colorado County,48,89,3/6/2021,1,Yes,Official,https://open.texas.gov/uploads/files/organization/opentexas/EO-GA-29-use-of-face-coverings-during-COVID-19-IMAGE-07-02-2020.pdf,"Tex. Exec. Order No. GA 29 (July 2, 2020)"
1442752,TX,Colorado County,48,89,3/7/2021,1,Yes,Official,https://open.texas.gov/uploads/files/organization/opentexas/EO-GA-29-use-of-face-coverings-during-COVID-19-IMAGE-07-02-2020.pdf,"Tex. Exec. Order No. GA 29 (July 2, 2020)"
1442753,TX,Colorado County,48,89,3/8/2021,1,Yes,Official,https://open.texas.gov/uploads/files/organization/opentexas/EO-GA-29-use-of-face-coverings-during-COVID-19-IMAGE-07-02-2020.pdf,"Tex. Exec. Order No. GA 29 (July 2, 2020)"
1442754,TX,Colorado County,48,89,3/9/2021,1,Yes,Official,https://open.texas.gov/uploads/files/organization/opentexas/EO-GA-29-use-of-face-coverings-during-COVID-19-IMAGE-07-02-2020.pdf,"Tex. Exec. Order No. GA 29 (July 2, 2020)"
1442755,TX,Colorado County,48,89,3/10/2021,2,No,Official,https://open.texas.gov/uploads/files/organization/opentexas/EO-GA-34-opening-Texas-response-to-COVID-disaster-IMAGE-03-02-2021.pdf,"Tex. Exec. Order No. GA 34 (Mar. 2, 2021)"
1442756,TX,Colorado County,48,89,3/11/2021,2,No,Official,https://open.texas.gov/uploads/files/organization/opentexas/EO-GA-34-opening-Texas-response-to-COVID-disaster-IMAGE-03-02-2021.pdf,"Tex. Exec. Order No. GA 34 (Mar. 2, 2021)"
1442757,TX,Colorado County,48,89,3/12/2021,2,No,Official,https://open.texas.gov/uploads/files/organization/opentexas/EO-GA-34-opening-Texas-response-to-COVID-disaster-IMAGE-03-02-2021.pdf,"Tex. Exec. Order No. GA 34 (Mar. 2, 2021)"
1442758,TX,Colorado County,48,89,3/13/2021,2,No,Official,https://open.texas.gov/uploads/files/organization/opentexas/EO-GA-34-opening-Texas-response-to-COVID-disaster-IMAGE-03-02-2021.pdf,"Tex. Exec. Order No. GA 34 (Mar. 2, 2021)"
1442759,TX,Colorado County,48,89,3/14/2021,2,No,Official,https://open.texas.gov/uploads/files/organization/opentexas/EO-GA-34-opening-Texas-response-to-COVID-disaster-IMAGE-03-02-2021.pdf,"Tex. Exec. Order No. GA 34 (Mar. 2, 2021)"
1442760,TX,Colorado County,48,89,3/15/2021,2,No,Official,https://open.texas.gov/uploads/files/organization/opentexas/EO-GA-34-opening-Texas-response-to-COVID-disaster-IMAGE-03-02-2021.pdf,"Tex. Exec. Order No. GA 34 (Mar. 2, 2021)"
1442761,TX,Colorado County,48,89,3/16/2021,2,No,Official,https://open.texas.gov/uploads/files/organization/opentexas/EO-GA-34-opening-Texas-response-to-COVID-disaster-IMAGE-03-02-2021.pdf,"Tex. Exec. Order No. GA 34 (Mar. 2, 2021)"
1442762,TX,Colorado County,48,89,3/17/2021,2,No,Official,https://open.texas.gov/uploads/files/organization/opentexas/EO-GA-34-opening-Texas-response-to-COVID-disaster-IMAGE-03-02-2021.pdf,"Tex. Exec. Order No. GA 34 (Mar. 2, 2021)"
1442763,TX,Colorado County,48,89,3/18/2021,2,No,Official,https://open.texas.gov/uploads/files/organization/opentexas/EO-GA-34-opening-Texas-response-to-COVID-disaster-IMAGE-03-02-2021.pdf,"Tex. Exec. Order No. GA 34 (Mar. 2, 2021)"
1442764,TX,Colorado County,48,89,3/19/2021,2,No,Official,https://open.texas.gov/uploads/files/organization/opentexas/EO-GA-34-opening-Texas-response-to-COVID-disaster-IMAGE-03-02-2021.pdf,"Tex. Exec. Order No. GA 34 (Mar. 2, 2021)"
1442765,TX,Colorado County,48,89,3/20/2021,2,No,Official,https://open.texas.gov/uploads/files/organization/opentexas/EO-GA-34-opening-Texas-response-to-COVID-disaster-IMAGE-03-02-2021.pdf,"Tex. Exec. Order No. GA 34 (Mar. 2, 2021)"
1442766,TX,Colorado County,48,89,3/21/2021,2,No,Official,https://open.texas.gov/uploads/files/organization/opentexas/EO-GA-34-opening-Texas-response-to-COVID-disaster-IMAGE-03-02-2021.pdf,"Tex. Exec. Order No. GA 34 (Mar. 2, 2021)"
1442767,TX,Colorado County,48,89,3/22/2021,2,No,Official,https://open.texas.gov/uploads/files/organization/opentexas/EO-GA-34-opening-Texas-response-to-COVID-disaster-IMAGE-03-02-2021.pdf,"Tex. Exec. Order No. GA 34 (Mar. 2, 2021)"
1442768,TX,Colorado County,48,89,3/23/2021,2,No,Official,https://open.texas.gov/uploads/files/organization/opentexas/EO-GA-34-opening-Texas-response-to-COVID-disaster-IMAGE-03-02-2021.pdf,"Tex. Exec. Order No. GA 34 (Mar. 2, 2021)"
1442769,TX,Colorado County,48,89,3/24/2021,2,No,Official,https://open.texas.gov/uploads/files/organization/opentexas/EO-GA-34-opening-Texas-response-to-COVID-disaster-IMAGE-03-02-2021.pdf,"Tex. Exec. Order No. GA 34 (Mar. 2, 2021)"
1442770,TX,Colorado County,48,89,3/25/2021,2,No,Official,https://open.texas.gov/uploads/files/organization/opentexas/EO-GA-34-opening-Texas-response-to-COVID-disaster-IMAGE-03-02-2021.pdf,"Tex. Exec. Order No. GA 34 (Mar. 2, 2021)"
1442771,TX,Colorado County,48,89,3/26/2021,2,No,Official,https://open.texas.gov/uploads/files/organization/opentexas/EO-GA-34-opening-Texas-response-to-COVID-disaster-IMAGE-03-02-2021.pdf,"Tex. Exec. Order No. GA 34 (Mar. 2, 2021)"
1442772,TX,Colorado County,48,89,3/27/2021,2,No,Official,https://open.texas.gov/uploads/files/organization/opentexas/EO-GA-34-opening-Texas-response-to-COVID-disaster-IMAGE-03-02-2021.pdf,"Tex. Exec. Order No. GA 34 (Mar. 2, 2021)"
1442773,TX,Colorado County,48,89,3/28/2021,2,No,Official,https://open.texas.gov/uploads/files/organization/opentexas/EO-GA-34-opening-Texas-response-to-COVID-disaster-IMAGE-03-02-2021.pdf,"Tex. Exec. Order No. GA 34 (Mar. 2, 2021)"
1442774,TX,Colorado County,48,89,3/29/2021,2,No,Official,https://open.texas.gov/uploads/files/organization/opentexas/EO-GA-34-opening-Texas-response-to-COVID-disaster-IMAGE-03-02-2021.pdf,"Tex. Exec. Order No. GA 34 (Mar. 2, 2021)"
1442775,TX,Colorado County,48,89,3/30/2021,2,No,Official,https://open.texas.gov/uploads/files/organization/opentexas/EO-GA-34-opening-Texas-response-to-COVID-disaster-IMAGE-03-02-2021.pdf,"Tex. Exec. Order No. GA 34 (Mar. 2, 2021)"
1442776,TX,Colorado County,48,89,3/31/2021,2,No,Official,https://open.texas.gov/uploads/files/organization/opentexas/EO-GA-34-opening-Texas-response-to-COVID-disaster-IMAGE-03-02-2021.pdf,"Tex. Exec. Order No. GA 34 (Mar. 2, 2021)"
1442777,TX,Colorado County,48,89,4/1/2021,2,No,Official,https://open.texas.gov/uploads/files/organization/opentexas/EO-GA-34-opening-Texas-response-to-COVID-disaster-IMAGE-03-02-2021.pdf,"Tex. Exec. Order No. GA 34 (Mar. 2, 2021)"
1442778,TX,Colorado County,48,89,4/2/2021,2,No,Official,https://open.texas.gov/uploads/files/organization/opentexas/EO-GA-34-opening-Texas-response-to-COVID-disaster-IMAGE-03-02-2021.pdf,"Tex. Exec. Order No. GA 34 (Mar. 2, 2021)"
1442779,TX,Colorado County,48,89,4/3/2021,2,No,Official,https://open.texas.gov/uploads/files/organization/opentexas/EO-GA-34-opening-Texas-response-to-COVID-disaster-IMAGE-03-02-2021.pdf,"Tex. Exec. Order No. GA 34 (Mar. 2, 2021)"
1442780,TX,Colorado County,48,89,4/4/2021,2,No,Official,https://open.texas.gov/uploads/files/organization/opentexas/EO-GA-34-opening-Texas-response-to-COVID-disaster-IMAGE-03-02-2021.pdf,"Tex. Exec. Order No. GA 34 (Mar. 2, 2021)"
1442781,TX,Colorado County,48,89,4/5/2021,2,No,Official,https://open.texas.gov/uploads/files/organization/opentexas/EO-GA-34-opening-Texas-response-to-COVID-disaster-IMAGE-03-02-2021.pdf,"Tex. Exec. Order No. GA 34 (Mar. 2, 2021)"
1442782,TX,Colorado County,48,89,4/6/2021,2,No,Official,https://open.texas.gov/uploads/files/organization/opentexas/EO-GA-34-opening-Texas-response-to-COVID-disaster-IMAGE-03-02-2021.pdf,"Tex. Exec. Order No. GA 34 (Mar. 2, 2021)"
1442783,TX,Colorado County,48,89,4/7/2021,2,No,Official,https://open.texas.gov/uploads/files/organization/opentexas/EO-GA-34-opening-Texas-response-to-COVID-disaster-IMAGE-03-02-2021.pdf,"Tex. Exec. Order No. GA 34 (Mar. 2, 2021)"
1442784,TX,Colorado County,48,89,4/8/2021,2,No,Official,https://open.texas.gov/uploads/files/organization/opentexas/EO-GA-34-opening-Texas-response-to-COVID-disaster-IMAGE-03-02-2021.pdf,"Tex. Exec. Order No. GA 34 (Mar. 2, 2021)"
1442785,TX,Colorado County,48,89,4/9/2021,2,No,Official,https://open.texas.gov/uploads/files/organization/opentexas/EO-GA-34-opening-Texas-response-to-COVID-disaster-IMAGE-03-02-2021.pdf,"Tex. Exec. Order No. GA 34 (Mar. 2, 2021)"
1442786,TX,Colorado County,48,89,4/10/2021,2,No,Official,https://open.texas.gov/uploads/files/organization/opentexas/EO-GA-34-opening-Texas-response-to-COVID-disaster-IMAGE-03-02-2021.pdf,"Tex. Exec. Order No. GA 34 (Mar. 2, 2021)"
1442787,TX,Colorado County,48,89,4/11/2021,2,No,Official,https://open.texas.gov/uploads/files/organization/opentexas/EO-GA-34-opening-Texas-response-to-COVID-disaster-IMAGE-03-02-2021.pdf,"Tex. Exec. Order No. GA 34 (Mar. 2, 2021)"
1442788,TX,Colorado County,48,89,4/12/2021,2,No,Official,https://open.texas.gov/uploads/files/organization/opentexas/EO-GA-34-opening-Texas-response-to-COVID-disaster-IMAGE-03-02-2021.pdf,"Tex. Exec. Order No. GA 34 (Mar. 2, 2021)"
1442789,TX,Colorado County,48,89,4/13/2021,2,No,Official,https://open.texas.gov/uploads/files/organization/opentexas/EO-GA-34-opening-Texas-response-to-COVID-disaster-IMAGE-03-02-2021.pdf,"Tex. Exec. Order No. GA 34 (Mar. 2, 2021)"
1442790,TX,Colorado County,48,89,4/14/2021,2,No,Official,https://open.texas.gov/uploads/files/organization/opentexas/EO-GA-34-opening-Texas-response-to-COVID-disaster-IMAGE-03-02-2021.pdf,"Tex. Exec. Order No. GA 34 (Mar. 2, 2021)"
1442791,TX,Colorado County,48,89,4/15/2021,2,No,Official,https://open.texas.gov/uploads/files/organization/opentexas/EO-GA-34-opening-Texas-response-to-COVID-disaster-IMAGE-03-02-2021.pdf,"Tex. Exec. Order No. GA 34 (Mar. 2, 2021)"
1442792,TX,Colorado County,48,89,4/16/2021,2,No,Official,https://open.texas.gov/uploads/files/organization/opentexas/EO-GA-34-opening-Texas-response-to-COVID-disaster-IMAGE-03-02-2021.pdf,"Tex. Exec. Order No. GA 34 (Mar. 2, 2021)"
1442793,TX,Colorado County,48,89,4/17/2021,2,No,Official,https://open.texas.gov/uploads/files/organization/opentexas/EO-GA-34-opening-Texas-response-to-COVID-disaster-IMAGE-03-02-2021.pdf,"Tex. Exec. Order No. GA 34 (Mar. 2, 2021)"
1442794,TX,Colorado County,48,89,4/18/2021,2,No,Official,https://open.texas.gov/uploads/files/organization/opentexas/EO-GA-34-opening-Texas-response-to-COVID-disaster-IMAGE-03-02-2021.pdf,"Tex. Exec. Order No. GA 34 (Mar. 2, 2021)"
1442795,TX,Colorado County,48,89,4/19/2021,2,No,Official,https://open.texas.gov/uploads/files/organization/opentexas/EO-GA-34-opening-Texas-response-to-COVID-disaster-IMAGE-03-02-2021.pdf,"Tex. Exec. Order No. GA 34 (Mar. 2, 2021)"
1442796,TX,Colorado County,48,89,4/20/2021,2,No,Official,https://open.texas.gov/uploads/files/organization/opentexas/EO-GA-34-opening-Texas-response-to-COVID-disaster-IMAGE-03-02-2021.pdf,"Tex. Exec. Order No. GA 34 (Mar. 2, 2021)"
1442797,TX,Colorado County,48,89,4/21/2021,2,No,Official,https://open.texas.gov/uploads/files/organization/opentexas/EO-GA-34-opening-Texas-response-to-COVID-disaster-IMAGE-03-02-2021.pdf,"Tex. Exec. Order No. GA 34 (Mar. 2, 2021)"
1442798,TX,Colorado County,48,89,4/22/2021,2,No,Official,https://open.texas.gov/uploads/files/organization/opentexas/EO-GA-34-opening-Texas-response-to-COVID-disaster-IMAGE-03-02-2021.pdf,"Tex. Exec. Order No. GA 34 (Mar. 2, 2021)"
1442799,TX,Colorado County,48,89,4/23/2021,2,No,Official,https://open.texas.gov/uploads/files/organization/opentexas/EO-GA-34-opening-Texas-response-to-COVID-disaster-IMAGE-03-02-2021.pdf,"Tex. Exec. Order No. GA 34 (Mar. 2, 2021)"
1442800,TX,Colorado County,48,89,4/24/2021,2,No,Official,https://open.texas.gov/uploads/files/organization/opentexas/EO-GA-34-opening-Texas-response-to-COVID-disaster-IMAGE-03-02-2021.pdf,"Tex. Exec. Order No. GA 34 (Mar. 2, 2021)"
1442801,TX,Colorado County,48,89,4/25/2021,2,No,Official,https://open.texas.gov/uploads/files/organization/opentexas/EO-GA-34-opening-Texas-response-to-COVID-disaster-IMAGE-03-02-2021.pdf,"Tex. Exec. Order No. GA 34 (Mar. 2, 2021)"
1442802,TX,Colorado County,48,89,4/26/2021,2,No,Official,https://open.texas.gov/uploads/files/organization/opentexas/EO-GA-34-opening-Texas-response-to-COVID-disaster-IMAGE-03-02-2021.pdf,"Tex. Exec. Order No. GA 34 (Mar. 2, 2021)"
1442803,TX,Colorado County,48,89,4/27/2021,2,No,Official,https://open.texas.gov/uploads/files/organization/opentexas/EO-GA-34-opening-Texas-response-to-COVID-disaster-IMAGE-03-02-2021.pdf,"Tex. Exec. Order No. GA 34 (Mar. 2, 2021)"
1442804,TX,Colorado County,48,89,4/28/2021,2,No,Official,https://open.texas.gov/uploads/files/organization/opentexas/EO-GA-34-opening-Texas-response-to-COVID-disaster-IMAGE-03-02-2021.pdf,"Tex. Exec. Order No. GA 34 (Mar. 2, 2021)"
1442805,TX,Colorado County,48,89,4/29/2021,2,No,Official,https://open.texas.gov/uploads/files/organization/opentexas/EO-GA-34-opening-Texas-response-to-COVID-disaster-IMAGE-03-02-2021.pdf,"Tex. Exec. Order No. GA 34 (Mar. 2, 2021)"
1442806,TX,Colorado County,48,89,4/30/2021,2,No,Official,https://open.texas.gov/uploads/files/organization/opentexas/EO-GA-34-opening-Texas-response-to-COVID-disaster-IMAGE-03-02-2021.pdf,"Tex. Exec. Order No. GA 34 (Mar. 2, 2021)"
1442807,TX,Colorado County,48,89,5/1/2021,2,No,Official,https://open.texas.gov/uploads/files/organization/opentexas/EO-GA-34-opening-Texas-response-to-COVID-disaster-IMAGE-03-02-2021.pdf,"Tex. Exec. Order No. GA 34 (Mar. 2, 2021)"
1442808,TX,Colorado County,48,89,5/2/2021,2,No,Official,https://open.texas.gov/uploads/files/organization/opentexas/EO-GA-34-opening-Texas-response-to-COVID-disaster-IMAGE-03-02-2021.pdf,"Tex. Exec. Order No. GA 34 (Mar. 2, 2021)"
1442809,TX,Colorado County,48,89,5/3/2021,2,No,Official,https://open.texas.gov/uploads/files/organization/opentexas/EO-GA-34-opening-Texas-response-to-COVID-disaster-IMAGE-03-02-2021.pdf,"Tex. Exec. Order No. GA 34 (Mar. 2, 2021)"
1442810,TX,Colorado County,48,89,5/4/2021,2,No,Official,https://open.texas.gov/uploads/files/organization/opentexas/EO-GA-34-opening-Texas-response-to-COVID-disaster-IMAGE-03-02-2021.pdf,"Tex. Exec. Order No. GA 34 (Mar. 2, 2021)"
1442811,TX,Colorado County,48,89,5/5/2021,2,No,Official,https://open.texas.gov/uploads/files/organization/opentexas/EO-GA-34-opening-Texas-response-to-COVID-disaster-IMAGE-03-02-2021.pdf,"Tex. Exec. Order No. GA 34 (Mar. 2, 2021)"
1442812,TX,Colorado County,48,89,5/6/2021,2,No,Official,https://open.texas.gov/uploads/files/organization/opentexas/EO-GA-34-opening-Texas-response-to-COVID-disaster-IMAGE-03-02-2021.pdf,"Tex. Exec. Order No. GA 34 (Mar. 2, 2021)"
1442813,TX,Colorado County,48,89,5/7/2021,2,No,Official,https://open.texas.gov/uploads/files/organization/opentexas/EO-GA-34-opening-Texas-response-to-COVID-disaster-IMAGE-03-02-2021.pdf,"Tex. Exec. Order No. GA 34 (Mar. 2, 2021)"
1442814,TX,Colorado County,48,89,5/8/2021,2,No,Official,https://open.texas.gov/uploads/files/organization/opentexas/EO-GA-34-opening-Texas-response-to-COVID-disaster-IMAGE-03-02-2021.pdf,"Tex. Exec. Order No. GA 34 (Mar. 2, 2021)"
1442815,TX,Colorado County,48,89,5/9/2021,2,No,Official,https://open.texas.gov/uploads/files/organization/opentexas/EO-GA-34-opening-Texas-response-to-COVID-disaster-IMAGE-03-02-2021.pdf,"Tex. Exec. Order No. GA 34 (Mar. 2, 2021)"
1442816,TX,Colorado County,48,89,5/10/2021,2,No,Official,https://open.texas.gov/uploads/files/organization/opentexas/EO-GA-34-opening-Texas-response-to-COVID-disaster-IMAGE-03-02-2021.pdf,"Tex. Exec. Order No. GA 34 (Mar. 2, 2021)"
1442817,TX,Colorado County,48,89,5/11/2021,2,No,Official,https://open.texas.gov/uploads/files/organization/opentexas/EO-GA-34-opening-Texas-response-to-COVID-disaster-IMAGE-03-02-2021.pdf,"Tex. Exec. Order No. GA 34 (Mar. 2, 2021)"
1442818,TX,Colorado County,48,89,5/12/2021,2,No,Official,https://open.texas.gov/uploads/files/organization/opentexas/EO-GA-34-opening-Texas-response-to-COVID-disaster-IMAGE-03-02-2021.pdf,"Tex. Exec. Order No. GA 34 (Mar. 2, 2021)"
1442819,TX,Colorado County,48,89,5/13/2021,2,No,Official,https://open.texas.gov/uploads/files/organization/opentexas/EO-GA-34-opening-Texas-response-to-COVID-disaster-IMAGE-03-02-2021.pdf,"Tex. Exec. Order No. GA 34 (Mar. 2, 2021)"
1442820,TX,Colorado County,48,89,5/14/2021,2,No,Official,https://open.texas.gov/uploads/files/organization/opentexas/EO-GA-34-opening-Texas-response-to-COVID-disaster-IMAGE-03-02-2021.pdf,"Tex. Exec. Order No. GA 34 (Mar. 2, 2021)"
1442821,TX,Colorado County,48,89,5/15/2021,2,No,Official,https://open.texas.gov/uploads/files/organization/opentexas/EO-GA-34-opening-Texas-response-to-COVID-disaster-IMAGE-03-02-2021.pdf,"Tex. Exec. Order No. GA 34 (Mar. 2, 2021)"
1442822,TX,Colorado County,48,89,5/16/2021,2,No,Official,https://open.texas.gov/uploads/files/organization/opentexas/EO-GA-34-opening-Texas-response-to-COVID-disaster-IMAGE-03-02-2021.pdf,"Tex. Exec. Order No. GA 34 (Mar. 2, 2021)"
1442823,TX,Colorado County,48,89,5/17/2021,2,No,Official,https://open.texas.gov/uploads/files/organization/opentexas/EO-GA-34-opening-Texas-response-to-COVID-disaster-IMAGE-03-02-2021.pdf,"Tex. Exec. Order No. GA 34 (Mar. 2, 2021)"
1442824,TX,Colorado County,48,89,5/18/2021,2,No,Official,,"Tex. Exec. Order No. GA-36 (May 18, 2021)"
1442825,TX,Colorado County,48,89,5/19/2021,2,No,Official,,"Tex. Exec. Order No. GA-36 (May 18, 2021)"
1442826,TX,Colorado County,48,89,5/20/2021,2,No,Official,,"Tex. Exec. Order No. GA-36 (May 18, 2021)"
1442827,TX,Colorado County,48,89,5/21/2021,2,No,Official,,"Tex. Exec. Order No. GA-36 (May 18, 2021)"
1442828,TX,Colorado County,48,89,5/22/2021,2,No,Official,,"Tex. Exec. Order No. GA-36 (May 18, 2021)"
1442829,TX,Colorado County,48,89,5/23/2021,2,No,Official,,"Tex. Exec. Order No. GA-36 (May 18, 2021)"
1442830,TX,Colorado County,48,89,5/24/2021,2,No,Official,,"Tex. Exec. Order No. GA-36 (May 18, 2021)"
1442831,TX,Colorado County,48,89,5/25/2021,2,No,Official,,"Tex. Exec. Order No. GA-36 (May 18, 2021)"
1442832,TX,Colorado County,48,89,5/26/2021,2,No,Official,,"Tex. Exec. Order No. GA-36 (May 18, 2021)"
1442833,TX,Colorado County,48,89,5/27/2021,2,No,Official,,"Tex. Exec. Order No. GA-36 (May 18, 2021)"
1442834,TX,Colorado County,48,89,5/28/2021,2,No,Official,,"Tex. Exec. Order No. GA-36 (May 18, 2021)"
1442835,TX,Colorado County,48,89,5/29/2021,2,No,Official,,"Tex. Exec. Order No. GA-36 (May 18, 2021)"
1442836,TX,Colorado County,48,89,5/30/2021,2,No,Official,,"Tex. Exec. Order No. GA-36 (May 18, 2021)"
1442837,TX,Colorado County,48,89,5/31/2021,2,No,Official,,"Tex. Exec. Order No. GA-36 (May 18, 2021)"
1442838,TX,Colorado County,48,89,6/1/2021,2,No,Official,,"Tex. Exec. Order No. GA-36 (May 18, 2021)"
1442839,TX,Colorado County,48,89,6/2/2021,2,No,Official,,"Tex. Exec. Order No. GA-36 (May 18, 2021)"
1442840,TX,Colorado County,48,89,6/3/2021,2,No,Official,,"Tex. Exec. Order No. GA-36 (May 18, 2021)"
1442841,TX,Colorado County,48,89,6/4/2021,2,No,Official,,"Tex. Exec. Order No. GA-36 (May 18, 2021)"
1442842,TX,Colorado County,48,89,6/5/2021,2,No,Official,,"Tex. Exec. Order No. GA-36 (May 18, 2021)"
1442843,TX,Colorado County,48,89,6/6/2021,2,No,Official,,"Tex. Exec. Order No. GA-36 (May 18, 2021)"
1442844,TX,Colorado County,48,89,6/7/2021,2,No,Official,,"Tex. Exec. Order No. GA-36 (May 18, 2021)"
1442845,TX,Colorado County,48,89,6/8/2021,2,No,Official,,"Tex. Exec. Order No. GA-36 (May 18, 2021)"
1442846,TX,Colorado County,48,89,6/9/2021,2,No,Official,,"Tex. Exec. Order No. GA-36 (May 18, 2021)"
1442847,TX,Colorado County,48,89,6/10/2021,2,No,Official,,"Tex. Exec. Order No. GA-36 (May 18, 2021)"
1442848,TX,Colorado County,48,89,6/11/2021,2,No,Official,,"Tex. Exec. Order No. GA-36 (May 18, 2021)"
1442849,TX,Colorado County,48,89,6/12/2021,2,No,Official,,"Tex. Exec. Order No. GA-36 (May 18, 2021)"
1442850,TX,Colorado County,48,89,6/13/2021,2,No,Official,,"Tex. Exec. Order No. GA-36 (May 18, 2021)"
1442851,TX,Colorado County,48,89,6/14/2021,2,No,Official,,"Tex. Exec. Order No. GA-36 (May 18, 2021)"
1442852,TX,Colorado County,48,89,6/15/2021,2,No,Official,,"Tex. Exec. Order No. GA-36 (May 18, 2021)"
1442853,TX,Colorado County,48,89,6/16/2021,2,No,Official,,"Tex. Exec. Order No. GA-36 (May 18, 2021)"
1442854,TX,Colorado County,48,89,6/17/2021,2,No,Official,,"Tex. Exec. Order No. GA-36 (May 18, 2021)"
1442855,TX,Colorado County,48,89,6/18/2021,2,No,Official,,"Tex. Exec. Order No. GA-36 (May 18, 2021)"
1442856,TX,Colorado County,48,89,6/19/2021,2,No,Official,,"Tex. Exec. Order No. GA-36 (May 18, 2021)"
1442857,TX,Colorado County,48,89,6/20/2021,2,No,Official,,"Tex. Exec. Order No. GA-36 (May 18, 2021)"
1442858,TX,Colorado County,48,89,6/21/2021,2,No,Official,,"Tex. Exec. Order No. GA-36 (May 18, 2021)"
1442859,TX,Colorado County,48,89,6/22/2021,2,No,Official,,"Tex. Exec. Order No. GA-36 (May 18, 2021)"
1442860,TX,Colorado County,48,89,6/23/2021,2,No,Official,,"Tex. Exec. Order No. GA-36 (May 18, 2021)"
1442861,TX,Colorado County,48,89,6/24/2021,2,No,Official,,"Tex. Exec. Order No. GA-36 (May 18, 2021)"
1442862,TX,Colorado County,48,89,6/25/2021,2,No,Official,,"Tex. Exec. Order No. GA-36 (May 18, 2021)"
1442863,TX,Colorado County,48,89,6/26/2021,2,No,Official,,"Tex. Exec. Order No. GA-36 (May 18, 2021)"
1442864,TX,Colorado County,48,89,6/27/2021,2,No,Official,,"Tex. Exec. Order No. GA-36 (May 18, 2021)"
1442865,TX,Colorado County,48,89,6/28/2021,2,No,Official,,"Tex. Exec. Order No. GA-36 (May 18, 2021)"
1442866,TX,Colorado County,48,89,6/29/2021,2,No,Official,,"Tex. Exec. Order No. GA-36 (May 18, 2021)"
1442867,TX,Colorado County,48,89,6/30/2021,2,No,Official,,"Tex. Exec. Order No. GA-36 (May 18, 2021)"
1442868,TX,Colorado County,48,89,7/1/2021,2,No,Official,,"Tex. Exec. Order No. GA-36 (May 18, 2021)"
1442869,TX,Colorado County,48,89,7/2/2021,2,No,Official,,"Tex. Exec. Order No. GA-36 (May 18, 2021)"
1442870,TX,Colorado County,48,89,7/3/2021,2,No,Official,,"Tex. Exec. Order No. GA-36 (May 18, 2021)"
1442871,TX,Colorado County,48,89,7/4/2021,2,No,Official,,"Tex. Exec. Order No. GA-36 (May 18, 2021)"
1442872,TX,Colorado County,48,89,7/5/2021,2,No,Official,,"Tex. Exec. Order No. GA-36 (May 18, 2021)"
1442873,TX,Colorado County,48,89,7/6/2021,2,No,Official,,"Tex. Exec. Order No. GA-36 (May 18, 2021)"
1442874,TX,Colorado County,48,89,7/7/2021,2,No,Official,,"Tex. Exec. Order No. GA-36 (May 18, 2021)"
1442875,TX,Colorado County,48,89,7/8/2021,2,No,Official,,"Tex. Exec. Order No. GA-36 (May 18, 2021)"
1442876,TX,Colorado County,48,89,7/9/2021,2,No,Official,,"Tex. Exec. Order No. GA-36 (May 18, 2021)"
1442877,TX,Colorado County,48,89,7/10/2021,2,No,Official,,"Tex. Exec. Order No. GA-36 (May 18, 2021)"
1442878,TX,Colorado County,48,89,7/11/2021,2,No,Official,,"Tex. Exec. Order No. GA-36 (May 18, 2021)"
1442879,TX,Colorado County,48,89,7/12/2021,2,No,Official,,"Tex. Exec. Order No. GA-36 (May 18, 2021)"
1442880,TX,Colorado County,48,89,7/13/2021,2,No,Official,,"Tex. Exec. Order No. GA-36 (May 18, 2021)"
1442881,TX,Colorado County,48,89,7/14/2021,2,No,Official,,"Tex. Exec. Order No. GA-36 (May 18, 2021)"
1442882,TX,Colorado County,48,89,7/15/2021,2,No,Official,,"Tex. Exec. Order No. GA-36 (May 18, 2021)"
1442883,TX,Colorado County,48,89,7/16/2021,2,No,Official,,"Tex. Exec. Order No. GA-36 (May 18, 2021)"
1442884,TX,Colorado County,48,89,7/17/2021,2,No,Official,,"Tex. Exec. Order No. GA-36 (May 18, 2021)"
1442885,TX,Colorado County,48,89,7/18/2021,2,No,Official,,"Tex. Exec. Order No. GA-36 (May 18, 2021)"
1442886,TX,Colorado County,48,89,7/19/2021,2,No,Official,,"Tex. Exec. Order No. GA-36 (May 18, 2021)"
1442887,TX,Colorado County,48,89,7/20/2021,2,No,Official,,"Tex. Exec. Order No. GA-36 (May 18, 2021)"
1442888,TX,Colorado County,48,89,7/21/2021,2,No,Official,,"Tex. Exec. Order No. GA-36 (May 18, 2021)"
1442889,TX,Colorado County,48,89,7/22/2021,2,No,Official,,"Tex. Exec. Order No. GA-36 (May 18, 2021)"
1442890,TX,Colorado County,48,89,7/23/2021,2,No,Official,,"Tex. Exec. Order No. GA-36 (May 18, 2021)"
1442891,TX,Colorado County,48,89,7/24/2021,2,No,Official,,"Tex. Exec. Order No. GA-36 (May 18, 2021)"
1442892,TX,Colorado County,48,89,7/25/2021,2,No,Official,,"Tex. Exec. Order No. GA-36 (May 18, 2021)"
1442893,TX,Colorado County,48,89,7/26/2021,2,No,Official,,"Tex. Exec. Order No. GA-36 (May 18, 2021)"
1442894,TX,Colorado County,48,89,7/27/2021,2,No,Official,,"Tex. Exec. Order No. GA-36 (May 18, 2021)"
1442895,TX,Colorado County,48,89,7/28/2021,2,No,Official,,"Tex. Exec. Order No. GA-36 (May 18, 2021)"
1442896,TX,Colorado County,48,89,7/29/2021,2,No,Official,,"Tex. Exec. Order No. GA-36 (May 18, 2021)"
1442897,TX,Colorado County,48,89,7/30/2021,2,No,Official,,"Tex. Exec. Order No. GA-36 (May 18, 2021)"
1442898,TX,Colorado County,48,89,7/31/2021,2,No,Official,,"Tex. Exec. Order No. GA-36 (May 18, 2021)"
1442899,TX,Colorado County,48,89,8/1/2021,2,No,Official,,"Tex. Exec. Order No. GA-36 (May 18, 2021)"
1442900,TX,Colorado County,48,89,8/2/2021,2,No,Official,,"Tex. Exec. Order No. GA-36 (May 18, 2021)"
1442901,TX,Colorado County,48,89,8/3/2021,2,No,Official,,"Tex. Exec. Order No. GA-36 (May 18, 2021)"
1442902,TX,Colorado County,48,89,8/4/2021,2,No,Official,,"Tex. Exec. Order No. GA-36 (May 18, 2021)"
1442903,TX,Colorado County,48,89,8/5/2021,2,No,Official,,"Tex. Exec. Order No. GA-36 (May 18, 2021)"
1442904,TX,Colorado County,48,89,8/6/2021,2,No,Official,,"Tex. Exec. Order No. GA-36 (May 18, 2021)"
1442905,TX,Colorado County,48,89,8/7/2021,2,No,Official,,"Tex. Exec. Order No. GA-36 (May 18, 2021)"
1442906,TX,Colorado County,48,89,8/8/2021,2,No,Official,,"Tex. Exec. Order No. GA-36 (May 18, 2021)"
1442907,TX,Colorado County,48,89,8/9/2021,2,No,Official,,"Tex. Exec. Order No. GA-36 (May 18, 2021)"
1442908,TX,Colorado County,48,89,8/10/2021,2,No,Official,,"Tex. Exec. Order No. GA-36 (May 18, 2021)"
1442909,TX,Colorado County,48,89,8/11/2021,2,No,Official,,"Tex. Exec. Order No. GA-36 (May 18, 2021)"
1442910,TX,Colorado County,48,89,8/12/2021,2,No,Official,,"Tex. Exec. Order No. GA-36 (May 18, 2021)"
1442911,TX,Colorado County,48,89,8/13/2021,2,No,Official,,"Tex. Exec. Order No. GA-36 (May 18, 2021)"
1442912,TX,Colorado County,48,89,8/14/2021,2,No,Official,,"Tex. Exec. Order No. GA-36 (May 18, 2021)"
1442913,TX,Colorado County,48,89,8/15/2021,2,No,Official,,"Tex. Exec. Order No. GA-36 (May 18, 2021)"
